Dekade	Title	Number of characters	Max Degree	Average Degree	Density	Average Path Length									
1730	1731-Gottsched_Johann_Christoph-Der_sterbende_Cato-speakers	11,00	9,00	5,64	0,56	1,45	Trauerspiel	1731-Gottsched_Johann_Christoph-Der_sterbende_Cato-lina.xml							
1730	1734-Neuber_Friederike_Caroline-Ein_Deutsches_Vorspiel-speakers	14,00	13,00	7,14	0,55	1,45		1734-Neuber_Friederike_Caroline-Ein_Deutsches_Vorspiel-lina.xml							
1730	1736-Gottsched_Luise_Adelgunde_Victorie-Die_Pietisterey_im_Fischbein-Rocke-speakers	16,00	15,00	6,63	0,44	1,56		1736-Gottsched_Luise_Adelgunde_Victorie-Die_Pietisterey_im_Fischbein-Rocke-lina.xml							
1730	1736-Neuber_Friederike_Caroline-Die_von_der_Weisheit_wider_die_Unwissenheit_beschützte_Schauspielkunst-speakers	10,00	7,00	3,20	0,36	1,78		1736-Neuber_Friederike_Caroline-Die_von_der_Weisheit_wider_die_Unwissenheit_besch%C3%BCtzte_Schauspielkunst-lina.xml							
1730	1737-Neuber_Friederike_Caroline-Die_Verehrung_der_Vollkommenheit_durch_die_gebesserten_deutschen_Schauspiele-speakers	7,00	6,00	4,29	0,71	1,29		1737-Neuber_Friederike_Caroline-Die_Verehrung_der_Vollkommenheit_durch_die_gebesserten_deutschen_Schauspiele-lina.xml							
1740	1741-Gottsched_Johann_Christoph-Atalanta_oder_die_bezwungene_Sprödigkeit-speakers	9,00	8,00	7,11	0,89	1,11	Schäferspiel	1741-Gottsched_Johann_Christoph-Atalanta_oder_die_bezwungene_Spr%C3%B6digkeit-lina.xml							
1740	1742-Borkenstein_Hinrich-Der_Bookesbeutel-speakers	8,00	7,00	7,00	1,00	1,00	Lustspiel	1742-Borkenstein_Hinrich-Der_Bookesbeutel-lina.xml							
1740	1743-Krüger_Johann_Christian-Die_Geistlichen_auf_dem_Lande-speakers	9,00	8,00	6,67	0,83	1,17	Lustspiel	1743-Kr%C3%BCger_Johann_Christian-Die_Geistlichen_auf_dem_Lande-lina.xml							
1740	1743-Schlegel_Johann_Elias-Der_geschäftige_Müßiggänger-speakers	15,00	14,00	5,87	0,42	1,58	Lustspiel	1743-Schlegel_Johann_Elias-Der_gesch%C3%A4ftige_M%C3%BC%C3%9Figg%C3%A4nger-lina.xml							
1740	1745-Gellert_Christian_Fürchtegott-Die_Betschwester-speakers	5,00	4,00	4,00	1,00	1,00	Lustspiel	1745-Gellert_Christian_F%C3%BCrchtegott-Die_Betschwester-lina.xml							
1740	1745-Gottsched_Luise_Adelgunde_Victorie-Das_Testament-speakers	11,00	9,00	7,09	0,71	1,31	Lustspiel	1745-Gottsched_Luise_Adelgunde_Victorie-Das_Testament-lina.xml							
1740	1745-Gottsched_Luise_Adelgunde_Victorie-Der_Witzling-speakers	7,00	6,00	4,00	0,67	1,33		1745-Gottsched_Luise_Adelgunde_Victorie-Der_Witzling-lina.xml							
1740	1745-Quistorp_Theodor_Johann-Der_Hypochondrist-speakers	9,00	8,00	5,78	0,72	1,28	Lustspiel	1745-Quistorp_Theodor_Johann-Der_Hypochondrist-lina.xml							
1740	1746-Schlegel_Johann_Elias-Canut-speakers	7,00	6,00	3,71	0,62	1,38	Trauerpsiel	1746-Schlegel_Johann_Elias-Canut-lina.xml							
1740	1747-Gellert_Christian_Fürchtegott-Die_zärtlichen_Schwestern-speakers	8,00	7,00	6,00	0,86	1,14	Lustspiel	1747-Gellert_Christian_F%C3%BCrchtegott-Die_z%C3%A4rtlichen_Schwestern-lina.xml							
1740	1747-Krüger_Johann_Christian-Die_Candidaten_oder_Die_Mittel_zu_einem_Amte_zu_gelangen-speakers	10,00	9,00	6,20	0,69	1,31	Lustspiel	1747-Kr%C3%BCger_Johann_Christian-Die_Candidaten_oder_Die_Mittel_zu_einem_Amte_zu_gelangen-lina.xml							
1740	1747-Lessing_Gotthold_Ephraim-Damon_oder_die_wahre_Freundschaft-speakers	5,00	4,00	3,60	0,90	1,10	Lustspiel	1747-Lessing_Gotthold_Ephraim-Damon_oder_die_wahre_Freundschaft-lina.xml							
1740	1747-Schlegel_Johann_Elias-Die_stumme_Schönheit-speakers	8,00	7,00	5,25	0,75	1,25	Lustspiel	1747-Schlegel_Johann_Elias-Die_stumme_Sch%C3%B6nheit-lina.xml							
1740	1748-Lessing_Gotthold_Ephraim-Der_junge_Gelehrte-speakers	6,00	5,00	5,00	1,00	1,00	Lustspiel	1748-Lessing_Gotthold_Ephraim-Der_junge_Gelehrte-lina.xml							
1740	1748-Schlegel_Johann_Elias-Der_Triumph_der_guten_Frauen-speakers	7,00	6,00	4,29	0,71	1,29	Lustspiel	1748-Schlegel_Johann_Elias-Der_Triumph_der_guten_Frauen-lina.xml							
1740	1749-Lessing_Gotthold_Ephraim-Die_Juden-speakers	7,00	5,00	4,00	0,67	1,43	Lustspiel	1749-Lessing_Gotthold_Ephraim-Die_Juden-lina.xml							
1740	1749-Lessing_Gotthold_Ephraim-Die_alte_Jungfer-speakers	11,00	10,00	6,91	0,69	1,31	Lustspiel	1749-Lessing_Gotthold_Ephraim-Die_alte_Jungfer-lina.xml							
1740	1749-Mylius_Christlob-Die_Schäferinsel-speakers	8,00	7,00	6,50	0,93	1,07	Lustspiel	1749-Mylius_Christlob-Die_Sch%C3%A4ferinsel-lina.xml							
1750	1754-Neuber_Friederike_Caroline-Das_Schäferfest_oder_Die_Herbstfreude-speakers	17,00	11,00	8,94	0,56	1,00	Lustspiel	1754-Neuber_Friederike_Caroline-Das_Sch%C3%A4ferfest_oder_Die_Herbstfreude-lina.xml							
1750	1755-Lessing_Gotthold_Ephraim-Der_Freigeist-speakers	11,00	9,00	5,27	0,53	1,51	Lustspiel	1755-Lessing_Gotthold_Ephraim-Der_Freigeist-lina.xml							
1750	1755-Lessing_Gotthold_Ephraim-Der_Misogyn-speakers	7,00	6,00	5,43	0,90	1,10	Lustspiel	1755-Lessing_Gotthold_Ephraim-Der_Misogyn-lina.xml							
1750	1755-Lessing_Gotthold_Ephraim-Der_Schatz-speakers	8,00	6,00	3,50	0,50	1,57	Lustspiel	1755-Lessing_Gotthold_Ephraim-Der_Schatz-lina.xml							
1750	1755-Lessing_Gotthold_Ephraim-Miß_Sara_Sampson-speakers	11,00	7,00	4,36	0,44	1,75	Trauerspiel	1755-Lessing_Gotthold_Ephraim-Mi%C3%9F_Sara_Sampson-lina.xml							
1750	1756-Pfeil_Johann_Gottlob_Benjamin-Lucie_Woodvil-speakers	8,00	7,00	5,25	0,75	1,25	Trauerspiel	1756-Pfeil_Johann_Gottlob_Benjamin-Lucie_Woodvil-lina.xml							
1750	1757-Klopstock_Friedrich_Gottlieb-Der_Tod_Adams-speakers	11,00	10,00	7,27	0,73	1,27	Trauerspiel	1757-Klopstock_Friedrich_Gottlieb-Der_Tod_Adams-lina.xml							
1750	1758-Brawe_Joachim_Wilhelm_von-Der_Freigeist-speakers	6,00	4,00	2,33	0,47	1,67	Trauerspiel	1758-Brawe_Joachim_Wilhelm_von-Der_Freigeist-lina.xml							
1750	1758-Wieland_Christoph_Martin-Lady_Johanna_Gray_oder_Der_Triumf_der_Religion-speakers	9,00	8,00	4,89	0,61	1,39	Trauerspiel	1758-Wieland_Christoph_Martin-Lady_Johanna_Gray_oder_Der_Triumf_der_Religion-lina.xml							
1750	1759-Lessing_Gotthold_Ephraim-Philotas-speakers	4,00	3,00	2,00	0,67	1,33	Trauerspiel	1759-Lessing_Gotthold_Ephraim-Philotas-lina.xml							
1760	1760-Cronegk_Johann_Friedrich_von-Der_Mißtrauische-speakers	7,00	6,00	6,00	1,00	1,00	Lustspiel	1760-Cronegk_Johann_Friedrich_von-Der_Mi%C3%9Ftrauische-lina.xml							
1760	1760-Wieland_Christoph_Martin-Klementina_von_Porretta-speakers	11,00	10,00	7,82	0,78	1,22		1760-Wieland_Christoph_Martin-Klementina_von_Porretta-lina.xml							
1760	1762-Gessner_Salomon-Evander_und_Alcimna-speakers	14,00	10,00	3,71	0,29	1,87	Schäferspiel	1762-Gessner_Salomon-Evander_und_Alcimna-lina.xml							
1760	1763-Hafner_Philipp-Mägera_die_förchterliche_Hexe_oder_Das_bezauberte_Schloß_des_Herrn_von_Einhorn-speakers	10,00	9,00	7,00	0,78	1,22		1763-Hafner_Philipp-M%C3%A4gera_die_f%C3%B6rchterliche_Hexe_oder_Das_bezauberte_Schlo%C3%9F_des_Herrn_von_Einhorn-lina.xml							
1760	1764-Hafner_Philipp-Der_Furchtsame-speakers	9,00	8,00	8,00	1,00	1,00	Lustspiel	1764-Hafner_Philipp-Der_Furchtsame-lina.xml							
1760	1765-Hippel_Theodor_Gottlieb_von-Der_Mann_nach_der_Uhr_oder_der_ordentliche_Mann-speakers	6,00	5,00	5,00	1,00	1,00	Lustspiel	1765-Hippel_Theodor_Gottlieb_von-Der_Mann_nach_der_Uhr_oder_der_ordentliche_Mann-lina.xml							
1760	1766-Weiße_Christian_Felix-Atreus_und_Thyest-speakers	5,00	4,00	3,60	0,90	1,10	Trauerspiel	1766-Wei%C3%9Fe_Christian_Felix-Atreus_und_Thyest-lina.xml							
1760	1767-Klemm_Christian_Gottlob-Der_auf_den_Parnass_versetzte_grüne_Hut-speakers	7,00	6,00	6,00	1,00	1,00		1767-Klemm_Christian_Gottlob-Der_auf_den_Parnass_versetzte_gr%C3%BCne_Hut-lina.xml							
1760	1767-Kurz_Joseph_von:-Prinzessin_Pumphia-speakers	13,00	10,00	5,85	0,49	1,32									
1760	1767-Lessing_Gotthold_Ephraim-Minna_von_Barnhelm_oder_Das_Soldatenglück-speakers	13,00	11,00	5,08	0,42	1,60	Lustspiel	1767-Lessing_Gotthold_Ephraim-Minna_von_Barnhelm_oder_Das_Soldatengl%C3%BCck-lina.xml							
1760	1767-Sturz_Helfrich_Peter-Julie-speakers	10,00	7,00	4,40	0,49	1,60	Trauerspiel	1767-Sturz_Helfrich_Peter-Julie-lina.xml							
1760	1768-Gerstenberg_Heinrich_Wilhelm_von-Ugolino-speakers	4,00	3,00	3,00	1,00	1,00	Tragödie	1768-Gerstenberg_Heinrich_Wilhelm_von-Ugolino-lina.xml							
1760	1769-Ayrenhoff_Cornelius_Hermann_von-Der_Postzug_oder_die_noblen_Passionen-speakers	11,00	10,00	7,64	0,76	1,24	Lustspiel	1769-Ayrenhoff_Cornelius_Hermann_von-Der_Postzug_oder_die_noblen_Passionen-lina.xml							
1760	1769-Klopstock_Friedrich_Gottlieb-Hermanns_Schlacht-speakers	44,00	42,00	21,18	0,49	1,51		1769-Klopstock_Friedrich_Gottlieb-Hermanns_Schlacht-lina.xml							
1770	1770-Weiße_Christian_Felix-Die_Jagd-speakers	15,00	12,00	7,73	0,55	1,49	Oper	1770-Wei%C3%9Fe_Christian_Felix-Die_Jagd-lina.xml							
1770	1772-Lessing_Gotthold_Ephraim-Emilia_Galotti-speakers	13,00	9,00	4,46	0,37	1,78	Trauerspiel	1772-Lessing_Gotthold_Ephraim-Emilia_Galotti-lina.xml							
1770	1773-Goethe_Johann_Wolfgang_von-Götz_von_Berlichingen_mit_der_eisernen_Hand-speakers	70,00	44,00	7,83	0,11	2,35	Schauspiel	1773-Goethe_Johann_Wolfgang_von-G%C3%B6tz_von_Berlichingen_mit_der_eisernen_Hand-lina.xml							
1770	1773-Wieland_Christoph_Martin-Alceste-speakers	5,00	4,00	4,00	1,00	1,00	Singspiel	1773-Wieland_Christoph_Martin-Alceste-lina.xml							
1770	1774-Goethe_Johann_Wolfgang_von-Clavigo-speakers	10,00	9,00	7,60	0,84	1,16	Trauerspiel	1774-Goethe_Johann_Wolfgang_von-Clavigo-lina.xml							
1770	1774-Goethe_Johann_Wolfgang_von-Götter_Helden_und_Wieland-speakers	10,00	9,00	9,00	1,00	1,00		1774-Goethe_Johann_Wolfgang_von-G%C3%B6tter_Helden_und_Wieland-lina.xml							
1770	1774-Leisewitz_Johann_Anton-Der_Besuch_um_Mitternacht-speakers	3,00	2,00	2,00	1,00	1,00		1774-Leisewitz_Johann_Anton-Der_Besuch_um_Mitternacht-lina.xml							
1770	1774-Leisewitz_Johann_Anton-Die_Pfandung-speakers	2,00	1,00	1,00	1,00	1,00		1774-Leisewitz_Johann_Anton-Die_Pfandung-lina.xml							
1770	1774-Lenz_Jakob_Michael_Reinhold-Der_Hofmeister_oder_Vorteile_der_Privaterziehung-speakers	24,00	14,00	5,17	0,22	1,97	Komödie	1774-Lenz_Jakob_Michael_Reinhold-Der_Hofmeister_oder_Vorteile_der_Privaterziehung-lina.xml							
1770	1774-Lenz_Jakob_Michael_Reinhold-Der_neue_Menoza_oder_Geschichte_des_cumbanischen_Prinzen_Tandi-speakers	24,00	13,00	7,67	0,33	1,94	Komödie	1774-Lenz_Jakob_Michael_Reinhold-Der_neue_Menoza_oder_Geschichte_des_cumbanischen_Prinzen_Tandi-lina.xml							
1770	1775-Brandes_Johann_Christian-Ariadne_auf_Naxos-speakers	3,00	2,00	1,33	0,67	1,33	Lustspiel	1775-Brandes_Johann_Christian-Ariadne_auf_Naxos-lina.xml							
1770	1775-Goethe_Johann_Wolfgang_von-Erwin_und_Elmire-speakers	4,00	3,00	3,00	1,00	1,00	Schauspiel	1775-Goethe_Johann_Wolfgang_von-Erwin_und_Elmire-lina.xml							
1770	1775-Gotter_Friedrich_Wilhelm-Der_Dorfjahrmarkt-speakers	20,00	16,00	10,30	0,54	1,52	Oper	1775-Gotter_Friedrich_Wilhelm-Der_Dorfjahrmarkt-lina.xml							
1770	1775-Gotter_Friedrich_Wilhelm-Medea-speakers	7,00	6,00	4,57	0,76	1,24		1775-Gotter_Friedrich_Wilhelm-Medea-lina.xml							
1770	1775-Lenz_Jakob_Michael_Reinhold-Die_Freunde_machen_den_Philosophen-speakers	17,00	16,00	7,41	0,46	1,54	Komödie	1775-Lenz_Jakob_Michael_Reinhold-Die_Freunde_machen_den_Philosophen-lina.xml							
1770	1775-Wagner_Heinrich_Leopold-Die_Reue_nach_der_That-speakers	16,00	15,00	10,38	0,69	1,31		1775-Wagner_Heinrich_Leopold-Die_Reue_nach_der_That-lina.xml							
1770	1775-Weidmann_Paul-Johann_Faust-speakers	17,00	12,00	4,47	0,28	1,93	Drama	1775-Weidmann_Paul-Johann_Faust-lina.xml							
1770	1776-Bodmer_Johann_Jacob-Odoardo_Galotti_Vater_der_Emilia-speakers	5,00	3,00	2,00	0,50	1,70		1776-Bodmer_Johann_Jacob-Odoardo_Galotti_Vater_der_Emilia-lina.xml							
1770	1776-Goethe_Johann_Wolfgang_von-Die_Mitschuldigen-speakers	4,00	3,00	3,00	1,00	1,00	Lustspiel	1776-Goethe_Johann_Wolfgang_von-Die_Mitschuldigen-lina.xml							
1770	1776-Goethe_Johann_Wolfgang_von-Stella-speakers	10,00	9,00	7,60	0,84	1,16	Schauspiel	1776-Goethe_Johann_Wolfgang_von-Stella-lina.xml							
1770	1776-Klinger_Friedrich_Maximilian-Die_Zwillinge-speakers	8,00	7,00	5,25	0,75	1,25	Trauerspiel	1776-Klinger_Friedrich_Maximilian-Die_Zwillinge-lina.xml							
1770	1776-Klinger_Friedrich_Maximilian-Die_neue_Arria-speakers	19,00	13,00	6,32	0,35	1,78	Schauspiel	1776-Klinger_Friedrich_Maximilian-Die_neue_Arria-lina.xml							
1770	1776-Klinger_Friedrich_Maximilian-Simsone_Grisaldo-speakers	18,00	16,00	9,33	0,55	1,48	Schauspiel	1776-Klinger_Friedrich_Maximilian-Simsone_Grisaldo-lina.xml							
1770	1776-Leisewitz_Johann_Anton-Julius_von_Tarent-speakers	16,00	9,00	4,13	0,28	1,99	Trauerspiel	1776-Leisewitz_Johann_Anton-Julius_von_Tarent-lina.xml							
1770	1776-Lenz_Jakob_Michael_Reinhold-Der_Engländer-speakers	12,00	11,00	6,33	0,58	1,42		1776-Lenz_Jakob_Michael_Reinhold-Der_Engl%C3%A4nder-lina.xml							
1770	1776-Lenz_Jakob_Michael_Reinhold-Die_Soldaten-speakers	27,00	19,00	7,26	0,28	1,94	Schauspiel	1776-Lenz_Jakob_Michael_Reinhold-Die_Soldaten-lina.xml							
1770	1776-Wagner_Heinrich_Leopold-Die_Kindermörderin-speakers	13,00	10,00	6,62	0,55	1,45	Trauerspiel	1776-Wagner_Heinrich_Leopold-Die_Kinderm%C3%B6rderin-lina.xml							
1770	1777-Klinger_Friedrich_Maximilian-Sturm_und_Drang-speakers	13,00	11,00	7,69	0,64	1,40	Schauspiel	1777-Klinger_Friedrich_Maximilian-Sturm_und_Drang-lina.xml							
1770	1778-Goethe_Johann_Wolfgang_von-Der_Triumph_der_Empfindsamkeit-speakers	13,00	10,00	6,15	0,51	1,54		1778-Goethe_Johann_Wolfgang_von-Der_Triumph_der_Empfindsamkeit-lina.xml							
1770	1778-Goethe_Johann_Wolfgang_von-Proserpina-speakers	2,00	1,00	1,00	1,00	1,00		1778-Goethe_Johann_Wolfgang_von-Proserpina-lina.xml							
1770	1778-Schink_Johann_Friedrich-Hanswurst_von_Salzburg_mit_dem_hölzernen_Gat-speakers	17,00	11,00	3,29	0,21	1,73	Historisches Schauspiel	1778-Schink_Johann_Friedrich-Hanswurst_von_Salzburg_mit_dem_h%C3%B6lzernen_Gat-lina.xml							
1770	1778-Wagner_Heinrich_Leopold-Voltaire_am_Abend_seiner_Apotheose-speakers	3,00	2,00	2,00	1,00	1,00		1778-Wagner_Heinrich_Leopold-Voltaire_am_Abend_seiner_Apotheose-lina.xml							
1770	1779-Brandes_Johann_Christian-Ino-speakers	8,00	5,00	3,25	0,46	1,86	Melodram	1779-Brandes_Johann_Christian-Ino-lina.xml							
1760	1768-Goethe_Johann_Wolfgang_von-Die_Laune_des_Verliebten-speakers	4,00	3,00	2,50	0,83	1,17	Schäferspiel	1779-Goethe_Johann_Wolfgang_von-Die_Laune_des_Verliebten-lina.xml							
1770	1779-Lessing_Gotthold_Ephraim-Nathan_der_Weise-speakers	14,00	9,00	3,86	0,30	1,93		1779-Lessing_Gotthold_Ephraim-Nathan_der_Weise-lina.xml							
1780	1780-Gemmingen-Hornberg_Otto_Heinrich_von-Der_deutsche_Hausvater_oder_die_Familie-speakers	19,00	15,00	7,47	0,42	1,65	Schauspiel	1780-Gemmingen-Hornberg_Otto_Heinrich_von-Der_deutsche_Hausvater_oder_die_Familie-lina.xml							
1780	1780-Törring_Josef_August_von-Agnes_Bernauerin-speakers	26,00	18,00	8,92	0,36	1,82	 Trauerspiel	1780-T%C3%B6rring_Josef_August_von-Agnes_Bernauerin-lina.xml							
1780	1781-Auenbrugger_Johann_Leopold_von-Der_Rauchfangkehrer_oder_Die_unentbehrlichen_Verräther_ihrer_Herrschaften_aus_Eigennutz-speakers	17,00	16,00	9,29	0,58	1,42	Musikalisches Lustspiel	1781-Auenbrugger_Johann_Leopold_von-Der_Rauchfangkehrer_oder_Die_unentbehrlichen_Verr%C3%A4ther_ihrer_Herrschaften_aus_Eigennutz-lina.xml							
1780	1781-Bretzner_Christoph_Friedrich-Belmont_und_Constanze_oder_Die_Entführung_aus_dem_Serail-speakers	11,00	9,00	6,18	0,62	1,44	Operette	1781-Bretzner_Christoph_Friedrich-Belmont_und_Constanze_oder_Die_Entf%C3%BChrung_aus_dem_Serail-lina.xml							
1780	1781-Schiller_Friedrich-Die_Räuber-speakers	25,00	24,00	16,32	0,68	1,32	Schauspiel	1781-Schiller_Friedrich-Die_R%C3%A4uber-lina.xml							
1780	1782-Schiller_Friedrich-Die_Verschwörung_des_Fiesco_zu_Genua-speakers	34,00	28,00	7,94	0,24	1,91	Trauerspiel	1782-Schiller_Friedrich-Die_Verschw%C3%B6rung_des_Fiesco_zu_Genua-lina.xml							
1780	1782-Schink_Johann_Friedrich-Der_neue_Doktor_Faust-speakers	4,00	3,00	2,00	0,67	1,33		1782-Schink_Johann_Friedrich-Der_neue_Doktor_Faust-lina.xml							
1780	1782-Stephanie_Johann_Gottlieb_(der_Jüngere)-Die_Entführung_aus_dem_Serail-speakers	10,00	7,00	4,60	0,51	1,21	Singspiel	1782-Stephanie_Johann_Gottlieb_(der_J%C3%BCngere)-Die_Entf%C3%BChrung_aus_dem_Serail-lina.xml							
1780	1784-Iffland_August_Wilhelm-Verbrechen_aus_Ehrsucht-speakers	16,00	13,00	6,12	0,41	1,64	Familiengemälde	1784-Iffland_August_Wilhelm-Verbrechen_aus_Ehrsucht-lina.xml							
1780	1784-Schiller_Friedrich-Kabale_und_Liebe-speakers	15,00	8,00	5,33	0,38	1,90	Trauerspiel	1784-Schiller_Friedrich-Kabale_und_Liebe-lina.xml							
1780	1784-Schröder_Friedrich_Ludwig-Der_Vetter_in_Lissabon-speakers	12,00	11,00	6,33	0,58	1,42	Bürgerliches Familiengemälde	1784-Schr%C3%B6der_Friedrich_Ludwig-Der_Vetter_in_Lissabon-lina.xml							
1780	1785-Iffland_August_Wilhelm-Die_Jäger-speakers	20,00	15,00	9,50	0,50	1,61	Sittengemälde	1785-Iffland_August_Wilhelm-Die_J%C3%A4ger-lina.xml							
1780	1786-Stephanie_Johann_Gottlieb_(der_Jüngere)-Der_Schauspieldirektor-speakers	10,00	9,00	8,20	0,91	1,09		1786-Stephanie_Johann_Gottlieb_(der_J%C3%BCngere)-Der_Schauspieldirektor-lina.xml							
1780	1786-Stephanie_Johann_Gottlieb_(der_Jüngere)-Doktor_und_Apotheker-speakers	10,00	9,00	7,40	0,82	1,18	 Oper	1786-Stephanie_Johann_Gottlieb_(der_J%C3%BCngere)-Doktor_und_Apotheker-lina.xml							
1780	1787-Goethe_Johann_Wolfgang_von-Iphigenie_auf_Tauris-speakers	5,00	4,00	4,00	1,00	1,00	Schauspiel	1787-Goethe_Johann_Wolfgang_von-Iphigenie_auf_Tauris-lina.xml							
1780	1787-Schiller_Friedrich-Don_Carlos_Infant_von_Spanien-speakers	25,00	19,00	8,72	0,36	1,78		1787-Schiller_Friedrich-Don_Carlos_Infant_von_Spanien-lina.xml							
1780	1787-Stephanie_Johann_Gottlieb_(der_Jüngere)-Die_Liebe_im_Narrenhause-speakers	12,00	11,00	11,00	1,00	1,00	Oper	1787-Stephanie_Johann_Gottlieb_(der_J%C3%BCngere)-Die_Liebe_im_Narrenhause-lina.xml							
1780	1788-Goethe_Johann_Wolfgang_von-Egmont-speakers	23,00	17,00	6,52	0,30	1,74	Trauerspiel	1788-Goethe_Johann_Wolfgang_von-Egmont-lina.xml							
1780	1789-Kotzebue_August_von-Die_Indianer_in_England-speakers	14,00	12,00	9,71	0,75	1,26	Lustspiel	1789-Kotzebue_August_von-Die_Indianer_in_England-lina.xml							
1790	1790-Ayrenhoff_Cornelius_Hermann_von-Virginia_oder_das_abgeschaffte_Decemvirat-speakers	16,00	14,00	11,75	0,78	1,22	Trauerspiel	1790-Ayrenhoff_Cornelius_Hermann_von-Virginia_oder_das_abgeschaffte_Decemvirat-lina.xml							
1790	1790-Goethe_Johann_Wolfgang_von-Torquato_Tasso-speakers	5,00	4,00	4,00	1,00	1,00	Schauspiel	1790-Goethe_Johann_Wolfgang_von-Torquato_Tasso-lina.xml							
1790	1790-Iffland_August_Wilhelm-Figaro_in_Deutschland-speakers	17,00	16,00	11,29	0,71	1,29	Lustspiel	1790-Iffland_August_Wilhelm-Figaro_in_Deutschland-lina.xml							
1790	1790-Kotzebue_August_von-Menschenhaß_und_Reue-speakers	12,00	11,00	7,00	0,64	1,36	Schauspiel	1790-Kotzebue_August_von-Menschenha%C3%9F_und_Reue-lina.xml							
1790	1791-Schikaneder_Johann_Emanuel-Die_Zauberflöte-speakers	28,00	17,00	7,93	0,29	1,87	Oper	1791-Schikaneder_Johann_Emanuel-Die_Zauberfl%C3%B6te-lina.xml							
1790	1792-Goethe_Johann_Wolfgang_von-Der_Großkophta-speakers	25,00	18,00	7,28	0,30	1,68	Lustspiel	1792-Goethe_Johann_Wolfgang_von-Der_Gro%C3%9Fkophta-lina.xml							
1790	1793-Goethe_Johann_Wolfgang_von-Der_Bürgergeneral-speakers	7,00	6,00	5,43	0,90	1,10	Lustspiel	1793-Goethe_Johann_Wolfgang_von-Der_B%C3%BCrgergeneral-lina.xml							
1790	1795-Zschokke_Heinrich-Abellino-speakers	17,00	15,00	9,06	0,57	1,45	Schauspiel	1795-Zschokke_Heinrich-Abellino-lina.xml							
1790	1796-Iffland_August_Wilhelm-Der_Spieler-speakers	20,00	18,00	10,00	0,53	1,48	Schauspiel	1796-Iffland_August_Wilhelm-Der_Spieler-lina.xml							
1790	1796-Weidmann_Paul-Der_Dorfbarbier-speakers	10,00	9,00	6,80	0,76	1,24	Oper	1796-Weidmann_Paul-Der_Dorfbarbier-lina.xml							
1790	1797-Soden_Julius_von-Doktor_Faust-speakers	42,00	40,00	6,62	0,16	1,88	Schauspiel	1797-Soden_Julius_von-Doktor_Faust-lina.xml							
1790	1797-Tieck_Ludwig-Der_gestiefelte_Kater-speakers	45,00	39,00	16,76	0,38	1,73		1797-Tieck_Ludwig-Der_gestiefelte_Kater-lina.xml							
1790	1797-Tieck_Ludwig-Ritter_Blaubart-speakers	21,00	18,00	10,48	0,52	1,49	Ammenmärchen	1797-Tieck_Ludwig-Ritter_Blaubart-lina.xml							
1790	1798-Gotter_Friedrich_Wilhelm-Die_Geisterinsel-speakers	15,00	14,00	8,27	0,59	1,41	Singspiel	1798-Gotter_Friedrich_Wilhelm-Die_Geisterinsel-lina.xml							
1790	1798-Schiller_Friedrich-Wallensteins_Lager-speakers	30,00	28,00	12,40	0,43	1,62		1798-Schiller_Friedrich-Wallensteins_Lager-lina.xml							
1790	1799-Hensler_Karl_Friedrich-Die_Teufelsmühle_am_Wienerberg-speakers	33,00	23,00	8,42	0,26	1,89		1799-Hensler_Karl_Friedrich-Die_Teufelsm%C3%BChle_am_Wienerberg-lina.xml							
1790	1799-Kotzebue_August_von-Der_Hyperboreische_Esel_oder_Die_heutige_Bildung-speakers	6,00	5,00	5,00	1,00	1,00		1799-Kotzebue_August_von-Der_Hyperboreische_Esel_oder_Die_heutige_Bildung-lina.xml							
1790	1799-Schiller_Friedrich-Die_Piccolomini-speakers	23,00	15,00	8,09	0,37	1,94		1799-Schiller_Friedrich-Die_Piccolomini-lina.xml							
1790	1799-Schiller_Friedrich-Wallensteins_Tod-speakers	32,00	20,00	7,25	0,23	2,06	Trauerspiel	1799-Schiller_Friedrich-Wallensteins_Tod-lina.xml							
1790	1799-Tieck_Ludwig-Prinz_Zerbino_oder_die_Reise_nach_dem_guten_Geschmack-speakers	138,00	76,00	16,83	0,12	2,28	Lustspiel	1799-Tieck_Ludwig-Prinz_Zerbino_oder_die_Reise_nach_dem_guten_Geschmack-lina.xml							
1800	1800-Schiller_Friedrich-Maria_Stuart-speakers	20,00	12,00	6,10	0,32	2,15	Trauerspiel	1800-Schiller_Friedrich-Maria_Stuart-lina.xml							
1800	1800-Tieck_Ludwig-Die_verkehrte_Welt-speakers	75,00	59,00	22,27	0,30	1,70	Historisches Schauspiel	1800-Tieck_Ludwig-Die_verkehrte_Welt-lina.xml							
1800	1801-Benkowitz_Karl_Friedrich-Die_Jubelfeier_der_Hölle_oder_Faust_der_jüngere-speakers	24,00	15,00	7,42	0,32	2,03	Lustspiel	1801-Benkowitz_Karl_Friedrich-Die_Jubelfeier_der_H%C3%B6lle_oder_Faust_der_j%C3%BCngere-lina.xml							
1800	1801-Kotzebue_August_von-Die_beiden_Klingsberg-speakers	13,00	11,00	5,54	0,46	1,56	Lustspiel	1801-Kotzebue_August_von-Die_beiden_Klingsberg-lina.xml							
1800	1801-Schiller_Friedrich-Die_Jungfrau_von_Orleans-speakers	46,00	28,00	7,57	0,17	2,37	Tragödie	1801-Schiller_Friedrich-Die_Jungfrau_von_Orleans-lina.xml							
1800	1802-Iffland_August_Wilhelm-Das_Erbtheil_des_Vaters-speakers	15,00	14,00	9,47	0,68	1,32	Schauspiel	1802-Iffland_August_Wilhelm-Das_Erbtheil_des_Vaters-lina.xml							
1800	1802-Schlegel_August_Wilhelm-Jon-speakers	5,00	4,00	3,60	0,90	1,10	Schauspiel	1802-Schlegel_August_Wilhelm-Jon-lina.xml							
1800	1802-Schlegel_Friedrich-Alarkos-speakers	11,00	9,00	6,18	0,62	1,44	Trauerspiel	1802-Schlegel_Friedrich-Alarkos-lina.xml							
1770	1776-Engel_Johann_Jakob-Eid_und_Pflicht-speakers	11,00	9,00	5,09	0,51	1,51	Trauerspiel	1803-Engel_Johann_Jakob-Eid_und_Pflicht-lina.xml							
1800	1803-Goethe_Johann_Wolfgang_von-Die_natürliche_Tochter-speakers	11,00	8,00	3,27	0,33	1,76	Trauerspiel	1803-Goethe_Johann_Wolfgang_von-Die_nat%C3%BCrliche_Tochter-lina.xml							
1800	1803-Kleist_Heinrich_von-Die_Familie_Schroffenstein-speakers	25,00	21,00	12,24	0,51	1,51	Trauerspiel	1803-Kleist_Heinrich_von-Die_Familie_Schroffenstein-lina.xml							
1800	1803-Kotzebue_August_von-Die_deutschen_Kleinstädter-speakers	13,00	12,00	8,00	0,67	1,33	Lustspiel	1803-Kotzebue_August_von-Die_deutschen_Kleinst%C3%A4dter-lina.xml							
1800	1804-Brentano_Clemens-Ponce_de_Leon-speakers	26,00	22,00	9,31	0,37	1,66	Lustspiel	1804-Brentano_Clemens-Ponce_de_Leon-lina.xml							
1800	1804-Schiller_Friedrich-Wilhelm_Tell-speakers	66,00	51,00	16,36	0,25	1,81	Schauspiel	1804-Schiller_Friedrich-Wilhelm_Tell-lina.xml							
1800	1805-Günderode_Karoline_von-Magie_und_Schicksal-speakers	9,00	8,00	7,78	0,97	1,03		1805-G%C3%BCnderode_Karoline_von-Magie_und_Schicksal-lina.xml							
1800	1805-Günderode_Karoline_von-Nikator-speakers	7,00	6,00	5,43	0,90	1,10		1805-G%C3%BCnderode_Karoline_von-Nikator-lina.xml							
1800	1805-Günderode_Karoline_von-Udohla-speakers	7,00	6,00	6,00	1,00	1,00		1805-G%C3%BCnderode_Karoline_von-Udohla-lina.xml							
1800	1805-Sonnleithner_Joseph_Ferdinand_von-Fidelio-speakers	12,00	9,00	6,00	0,55	1,58	Oper	1805-Sonnleithner_Joseph_Ferdinand_von-Fidelio-lina.xml							
1800	1807-Kleist_Heinrich_von-Amphitryon-speakers	15,00	14,00	11,60	0,83	1,17	Lustspiel	1807-Kleist_Heinrich_von-Amphitryon-lina.xml							
1800	1808-Goethe_Johann_Wolfgang-Faust._Der_Tragödie_erster_Teil-speakers	102,00	55,00	21,20	0,21	1,68	Tragödie	1808-Goethe_Johann_Wolfgang-Faust._Der_Trag%C3%B6die_erster_Teil-lina.xml							
1800	1808-Kleist_Heinrich_von-Der_zerbrochene_Krug-speakers	13,00	11,00	7,69	0,64	1,36	Lustspiel	1808-Kleist_Heinrich_von-Der_zerbrochene_Krug-lina.xml							
1800	1808-Kleist_Heinrich_von-Penthesilea-speakers	53,00	39,00	17,13	0,33	1,78	Lustspiel	1808-Kleist_Heinrich_von-Penthesilea-lina.xml							
1800	1809-Werner_Zacharias-Der_vierundzwanzigste_Februar-speakers	3,00	2,00	2,00	1,00	1,00	Tragödie	1809-Werner_Zacharias-Der_vierundzwanzigste_Februar-lina.xml							
1810	1810-Fouqué_Friedrich_de_la_Motte-Der_Held_des_Nordens-speakers	86,00	39,00	16,05	0,19	1,69		1810-Fouqu%C3%A9_Friedrich_de_la_Motte-Der_Held_des_Nordens-lina.xml							
1810	1810-Kleist_Heinrich_von-Das_Käthchen_von_Heilbronn_oder_die_Feuerprobe-speakers	49,00	36,00	9,96	0,21	1,98		1810-Kleist_Heinrich_von-Das_K%C3%A4thchen_von_Heilbronn_oder_die_Feuerprobe-lina.xml							
1810	1811-Arnim_Ludwig_Achim_von-Das_Loch_oder_Das_Wiedergefundene_Paradies-speakers	22,00	18,00	7,55	0,36	1,75	Schattenspiel	1811-Arnim_Ludwig_Achim_von-Das_Loch_oder_Das_Wiedergefundene_Paradies-lina.xml							
1810	1811-Arnim_Ludwig_Achim_von-Halle-speakers	76,00	64,00	12,50	0,17	1,94	Studentenspiel	1811-Arnim_Ludwig_Achim_von-Halle-lina.xml							
1810	1811-Arnim_Ludwig_Achim_von-Jerusalem-speakers	75,00	52,00	14,93	0,20	1,86		1811-Arnim_Ludwig_Achim_von-Jerusalem-lina.xml							
1780	1781-Müller_Friedrich_(Maler_Müller)-Golo_und_Genovefa-speakers	54,00	40,00	10,96	0,21	1,98	Schauspiel	1811-M%C3%BCller_Friedrich_(Maler_M%C3%BCller)-Golo_und_Genovefa-lina.xml							
1810	1811-Weißenthurn_Johanna_von-Johann_Herzog_von_Finnland-speakers	25,00	20,00	7,04	0,29	1,85	Schauspiel	1811-Wei%C3%9Fenthurn_Johanna_von-Johann_Herzog_von_Finnland-lina.xml							
1810	1812-Körner_Theodor-Zriny-speakers	19,00	11,00	6,11	0,34	2,02	Trauerspiel	1812-K%C3%B6rner_Theodor-Zriny-lina.xml							
1810	1813-Bäuerle_Adolf-Die_Bürger_in_Wien-speakers	19,00	18,00	13,16	0,73	1,27		1813-B%C3%A4uerle_Adolf-Die_B%C3%BCrger_in_Wien-lina.xml							
1810	1813-Meisl_Karl-Orpheus_und_Euridice_So_geht_es_im_Olymp_zu-speakers	22,00	18,00	8,91	0,42	1,68		1813-Meisl_Karl-Orpheus_und_Euridice_So_geht_es_im_Olymp_zu-lina.xml							
1810	1813-Müllner_Adolph-Die_Schuld-speakers	8,00	7,00	4,00	0,57	1,43	Trauerspiel	1813-M%C3%BCllner_Adolph-Die_Schuld-lina.xml							
1810	1813-Weißenthurn_Johanna_von-Welche_ist_die_Braut-speakers	20,00	18,00	14,00	0,74	1,27	Lustspiel	1813-Wei%C3%9Fenthurn_Johanna_von-Welche_ist_die_Braut-lina.xml							
1810	1815-Brentano_Clemens-Die_Gründung_Prags-speakers	73,00	72,00	57,21	0,79	1,21		1815-Brentano_Clemens-Die_Gr%C3%BCndung_Prags-lina.xml							
1810	1815-Goethe_Johann_Wolfgang_von-Des_Epimenides_Erwachen-speakers	27,00	16,00	7,19	0,28	2,29	Festspiel	1815-Goethe_Johann_Wolfgang_von-Des_Epimenides_Erwachen-lina.xml							
1810	1815-Klingemann_August-Faust-speakers	22,00	20,00	5,55	0,26	1,78	Trauerspiel	1815-Klingemann_August-Faust-lina.xml							
1810	1816-Bernard_Josef_Karl-Faust-speakers	21,00	16,00	8,10	0,40	1,68	Oper	1816-Bernard_Josef_Karl-Faust-lina.xml							
1770	1773-Goethe_Johann_Wolfgang_von-Satyros_oder_Der_vergötterte_Waldteufel-speakers	10,00	9,00	8,40	0,93	1,07		1817-Goethe_Johann_Wolfgang_von-Satyros_oder_Der_verg%C3%B6tterte_Waldteufel-lina.xml							
1810	1817-Grillparzer_Franz-Die_Ahnfrau-speakers	10,00	9,00	7,80	0,87	1,13	Trauerspiel	1817-Grillparzer_Franz-Die_Ahnfrau-lina.xml							
1810	1817-Müllner_Adolph-König_Yngurd-speakers	35,00	26,00	12,17	0,36	1,72	Trauerspiel	1817-M%C3%BCllner_Adolph-K%C3%B6nig_Yngurd-lina.xml							
1810	1817-Weißenthurn_Johanna_von-Das_Manuscript-speakers	15,00	10,00	5,20	0,37	1,78	Lustspiel	1817-Wei%C3%9Fenthurn_Johanna_von-Das_Manuscript-lina.xml							
1810	1818-Grillparzer_Franz-Sappho-speakers	10,00	8,00	5,20	0,58	1,44	Trauerspiel	1818-Grillparzer_Franz-Sappho-lina.xml							
1810	1818-Meisl_Karl-Der_lustige_Fritz_oder_Schlafe_Träume_stehe_auf_kleide_dich_an_und_bessre_dich-speakers	30,00	28,00	7,60	0,26	1,77		1818-Meisl_Karl-Der_lustige_Fritz_oder_Schlafe_Tr%C3%A4ume_stehe_auf_kleide_dich_an_und_bessre_dich-lina.xml							
1810	1818-Uhland_Ludwig-Ernst_Herzog_von_Schwaben-speakers	22,00	20,00	13,36	0,64	1,36	Trauerspiel	1818-Uhland_Ludwig-Ernst_Herzog_von_Schwaben-lina.xml							
1810	1819-Bäuerle_Adolf-Doktor_Faust's_Mantel-speakers	24,00	20,00	7,42	0,32	1,74		1819-B%C3%A4uerle_Adolf-Doktor_Faust's_Mantel-lina.xml							
1810	1819-Uhland_Ludwig-Ludwig_der_Bayer-speakers	43,00	33,00	9,81	0,23	1,91	Schauspiel	1819-Uhland_Ludwig-Ludwig_der_Bayer-lina.xml							
1820	1820-Malß_Karl-Der_alte_Bürger-Capitain_oder_Die_Entführung-speakers	16,00	15,00	8,62	0,57	1,43	Lustspiel	1820-Mal%C3%9F_Karl-Der_alte_B%C3%BCrger-Capitain_oder_Die_Entf%C3%BChrung-lina.xml							
1820	1821-Gleich_Joseph_Alois-Der_Eheteufel_auf_Reisen-speakers	49,00	23,00	6,49	0,14	2,46		1821-Gleich_Joseph_Alois-Der_Eheteufel_auf_Reisen-lina.xml							
1820	1821-Heine_Heinrich-Almansor-speakers	38,00	33,00	16,84	0,46	1,61	Tragödie	1821-Heine_Heinrich-Almansor-lina.xml							
1820	1821-Kind_Johann_Friedrich-Der_Freischütz-speakers	26,00	23,00	14,23	0,57	1,46	Oper	1821-Kind_Johann_Friedrich-Der_Freisch%C3%BCtz-lina.xml							
1800	1808-Kleist_Heinrich_von-Die_Hermannsschlacht-speakers	72,00	43,00	10,50	0,15	2,33		1821-Kleist_Heinrich_von-Die_Hermannsschlacht-lina.xml							
1810	1810-Kleist_Heinrich_von-Prinz_Friedrich_von_Homburg-speakers	33,00	24,00	8,79	0,27	1,77	Schauspiel	1821-Kleist_Heinrich_von-Prinz_Friedrich_von_Homburg-lina.xml							
1820	1821-Weißenthurn_Johanna_von-Die_Schwestern_St._Janvier-speakers	21,00	15,00	9,05	0,45	1,65	Schauspiel	1821-Wei%C3%9Fenthurn_Johanna_von-Die_Schwestern_St._Janvier-lina.xml							
1820	1821-Weißenthurn_Johanna_von-Welcher_ist_der_Bräutigam?-speakers	10,00	9,00	8,20	0,91	1,09									
1820	1823-Beer_Michael-Der_Paria-speakers	9,00	8,00	4,89	0,61	1,39	Trauerspiel	1823-Beer_Michael-Der_Paria-lina.xml							
1820	1823-Chézy_Helmina_von-Euryanthe-speakers	12,00	10,00	7,50	0,68	1,32	Oper	1823-Ch%C3%A9zy_Helmina_von-Euryanthe-lina.xml							
1820	1823-Heine_Heinrich-William_Ratcliff-speakers	15,00	14,00	8,40	0,60	1,40	Tragödie	1823-Heine_Heinrich-William_Ratcliff-lina.xml							
1820	1823-Raimund_Ferdinand-Der_Barometermacher_auf_der_Zauberinsel-speakers	25,00	17,00	4,56	0,19	2,19		1823-Raimund_Ferdinand-Der_Barometermacher_auf_der_Zauberinsel-lina.xml							
1820	1823-Voß_Julius_von-Faust-speakers	62,00	38,00	6,90	0,11	2,30	Trauerspiel	1823-Vo%C3%9F_Julius_von-Faust-lina.xml							
1820	1824-Raimund_Ferdinand-Der_Diamant_des_Geisterkönigs-speakers	34,00	20,00	7,35	0,22	2,07		1824-Raimund_Ferdinand-Der_Diamant_des_Geisterk%C3%B6nigs-lina.xml							
1820	1825-Grillparzer_Franz-König_Ottokars_Glück_und_Ende-speakers	52,00	51,00	27,54	0,54	1,46	Trauerspiel	1825-Grillparzer_Franz-K%C3%B6nig_Ottokars_Gl%C3%BCck_und_Ende-lina.xml							
1820	1825-Holtei_Karl_von-Die_Kalkbrenner-speakers	8,00	7,00	5,50	0,79	1,21		1825-Holtei_Karl_von-Die_Kalkbrenner-lina.xml							
1820	1825-Raupach_Ernst-Kritik_und_Antikritik-speakers	15,00	11,00	6,13	0,44	1,67	Lustspiel	1825-Raupach_Ernst-Kritik_und_Antikritik-lina.xml							
1820	1826-Arnim_Ludwig_Achim_von-Marino_Caboga-speakers	18,00	15,00	11,56	0,68	1,14		1826-Arnim_Ludwig_Achim_von-Marino_Caboga-lina.xml							
1820	1826-Platen_August_von-Die_verhängnisvolle_Gabel-speakers	7,00	6,00	5,43	0,90	1,10	Lustspiel	1826-Platen_August_von-Die_verh%C3%A4ngnisvolle_Gabel-lina.xml							
1820	1826-Raimund_Ferdinand-Das_Mädchen_aus_der_Feenwelt_oder_Der_Bauer_als_Millionär-speakers	34,00	21,00	7,65	0,23	2,06		1826-Raimund_Ferdinand-Das_M%C3%A4dchen_aus_der_Feenwelt_oder_Der_Bauer_als_Million%C3%A4r-lina.xml							
1820	1827-Grabbe_Christian_Dietrich-Herzog_Theodor_von_Gothland-speakers	46,00	45,00	20,13	0,45	1,55	Tragödie	1827-Grabbe_Christian_Dietrich-Herzog_Theodor_von_Gothland-lina.xml							
1820	1827-Grabbe_Christian_Dietrich-Scherz_Satire_Ironie_und_tiefere_Bedeutung-speakers	23,00	22,00	13,30	0,60	1,40	Lustspiel	1827-Grabbe_Christian_Dietrich-Scherz_Satire_Ironie_und_tiefere_Bedeutung-lina.xml							
1820	1827-Raimund_Ferdinand-Moisasurs_Zauberfluch-speakers	29,00	17,00	5,52	0,20	2,32		1827-Raimund_Ferdinand-Moisasurs_Zauberfluch-lina.xml							
1820	1828-Beer_Michael-Struensee-speakers	44,00	16,00	7,68	0,18	2,59	Trauerspiel	1828-Beer_Michael-Struensee-lina.xml							
1820	1828-Gehe_Eduard_Heinrich-Jessonda-speakers	16,00	15,00	13,75	0,92	1,08	Oper	1828-Gehe_Eduard_Heinrich-Jessonda-lina.xml							
1820	1828-Grillparzer_Franz-Ein_treuer_Diener_seines_Herrn-speakers	32,00	31,00	18,81	0,61	1,39	Trauerspiel	1828-Grillparzer_Franz-Ein_treuer_Diener_seines_Herrn-lina.xml							
1820	1828-Raimund_Ferdinand-Der_Alpenkönig_und_der_Menschenfeind-speakers	31,00	22,00	8,45	0,28	2,02		1828-Raimund_Ferdinand-Der_Alpenk%C3%B6nig_und_der_Menschenfeind-lina.xml							
1820	1828-Raimund_Ferdinand-Die_gefesselte_Phantasie-speakers	23,00	21,00	11,39	0,52	1,49		1828-Raimund_Ferdinand-Die_gefesselte_Phantasie-lina.xml							
1820	1828-Wohlbrück_Wilhelm_August-Der_Vampyr-speakers	28,00	20,00	7,43	0,28	1,94	Oper	1828-Wohlbr%C3%BCck_Wilhelm_August-Der_Vampyr-lina.xml							
1820	1829-Birch-Pfeiffer_Charlotte-Pfeffer-Rösel_oder_Die_Frankfurter_Messe_im_Jahre_1297-speakers	35,00	27,00	14,29	0,42	1,72	Schauspiel	1829-Birch-Pfeiffer_Charlotte-Pfeffer-R%C3%B6sel_oder_Die_Frankfurter_Messe_im_Jahre_1297-lina.xml							
1820	1829-Grabbe_Christian_Dietrich-Don_Juan_und_Faust-speakers	19,00	16,00	11,05	0,61	1,42	Tragödie	1829-Grabbe_Christian_Dietrich-Don_Juan_und_Faust-lina.xml							
1820	1829-Platen_August_von-Der_romantische_Ödipus-speakers	22,00	16,00	9,64	0,46	1,27	Lustspiel	1829-Platen_August_von-Der_romantische_%C3%96dipus-lina.xml							
1820	1829-Raimund_Ferdinand-Die_unheilbringende_Zauberkrone_oder_König_ohne_Reich_Held_ohne_Mut_Schönheit_ohne_Jugend-speakers	47,00	30,00	6,72	0,15	2,35		1829-Raimund_Ferdinand-Die_unheilbringende_Zauberkrone_oder_K%C3%B6nig_ohne_Reich_Held_ohne_Mut_Sch%C3%B6nheit_ohne_Jugend-lina.xml							
1830	1830-Birch-Pfeiffer_Charlotte-Die_Walpurgisnacht-speakers	25,00	19,00	4,88	0,20	2,03		1830-Birch-Pfeiffer_Charlotte-Die_Walpurgisnacht-lina.xml							
1830	1830-Eichendorff_Joseph_von-Der_letzte_Held_von_Marienburg-speakers	56,00	42,00	14,32	0,26	1,85	Trauerspiel	1830-Eichendorff_Joseph_von-Der_letzte_Held_von_Marienburg-lina.xml							
1830	1831-Grabbe_Christian_Dietrich-Napoleon_oder_Die_hundert_Tage-speakers	201,00	74,00	17,49	0,09	2,71		1831-Grabbe_Christian_Dietrich-Napoleon_oder_Die_hundert_Tage-lina.xml							
1830	1831-Grillparzer_Franz-Des_Meeres_und_der_Liebe_Wellen-speakers	10,00	9,00	9,00	1,00	1,00	Trauerspiel	1831-Grillparzer_Franz-Des_Meeres_und_der_Liebe_Wellen-lina.xml							
1830	1832-Goethe_Johann_Wolfgang_von-Faust._Der_Tragödie_zweiter_Teil-speakers	177,00	90,00	20,60	0,12	2,31	Tragödie	1832-Goethe_Johann_Wolfgang_von-Faust._Der_Trag%C3%B6die_zweiter_Teil-lina.xml							
1830	1832-Holtei_Karl_von-Ein_Trauerspiel_in_Berlin-speakers	18,00	15,00	9,11	0,54	1,49		1832-Holtei_Karl_von-Ein_Trauerspiel_in_Berlin-lina.xml							
1830	1832-Immermann_Karl-Das_Gericht_von_St._Petersburg-speakers	38,00	26,00	10,37	0,28	2,03	Tragödie	1832-Immermann_Karl-Das_Gericht_von_St._Petersburg-lina.xml							
1830	1832-Immermann_Karl-Die_Bojaren-speakers	42,00	23,00	9,76	0,24	2,30	Schauspiel	1832-Immermann_Karl-Die_Bojaren-lina.xml							
1830	1832-Immermann_Karl-Eudoxia-speakers	12,00	11,00	6,83	0,62	1,38		1832-Immermann_Karl-Eudoxia-lina.xml							
1830	1832-Immermann_Karl-Merlin-speakers	27,00	13,00	6,96	0,27	2,27		1832-Immermann_Karl-Merlin-lina.xml							
1830	1833-Devrient_Philipp_Eduard-Hans_Heiling-speakers	15,00	12,00	8,13	0,58	1,45	Oper	1833-Devrient_Philipp_Eduard-Hans_Heiling-lina.xml							
1830	1833-Eichendorff_Joseph_von-Die_Freier-speakers	11,00	9,00	7,64	0,76	1,25	Lustspiel	1833-Eichendorff_Joseph_von-Die_Freier-lina.xml							
1830	1833-Nestroy_Johann-Der_böse_Geist_Lumpazivagabundus_oder_Das_liederliche_Kleeblatt-speakers	46,00	36,00	8,48	0,19	2,03	Posse	1833-Nestroy_Johann-Der_b%C3%B6se_Geist_Lumpazivagabundus_oder_Das_liederliche_Kleeblatt-lina.xml							
1830	1834-Braun_von_Braunthal_Karl_Johann-Das_Nachtlager_von_Granada-speakers	9,00	8,00	6,22	0,78	1,22	Oper	1834-Braun_von_Braunthal_Karl_Johann-Das_Nachtlager_von_Granada-lina.xml							
1830	1834-Grillparzer_Franz-Der_Traum_ein_Leben-speakers	16,00	15,00	10,38	0,69	1,31		1834-Grillparzer_Franz-Der_Traum_ein_Leben-lina.xml							
1830	1834-Raimund_Ferdinand-Der_Verschwender-speakers	39,00	30,00	8,56	0,23	1,95		1834-Raimund_Ferdinand-Der_Verschwender-lina.xml							
1830	1835-Bauernfeld_Eduard_von-Bürgerlich_und_Romantisch-speakers	13,00	10,00	6,31	0,53	1,54	Lustspiel	1835-Bauernfeld_Eduard_von-B%C3%BCrgerlich_und_Romantisch-lina.xml							
1830	1835-Birch-Pfeiffer_Charlotte-Johannes_Gutenberg-speakers	14,00	10,00	5,29	0,41	1,67	Schauspiel	1835-Birch-Pfeiffer_Charlotte-Johannes_Gutenberg-lina.xml							1835-B%C3%BCchner_Georg-Dantons_Tod-lina.xml
1830	1835-Braun_von_Braunthal_Karl_Johann-Faust-speakers	35,00	23,00	7,54	0,22	2,19	Tragödie	1835-Braun_von_Braunthal_Karl_Johann-Faust-lina.xml							
1830	1835-Büchner_Georg-Dantons_Tod-speakers	78,00	77,00	31,90	0,41	1,59		1835-B%C3%BCchner_Georg-Dantons_Tod-lina.xml							
1830	1835-Grabbe_Christian_Dietrich-Hannibal-speakers	106,00	105,00	36,74	0,35	1,65		1835-Grabbe_Christian_Dietrich-Hannibal-lina.xml							
1830	1835-Immermann_Karl-Andreas_Hofer_der_Sandwirt_von_Passeyer-speakers	38,00	23,00	5,26	0,14	2,24	Trauerspiel	1835-Immermann_Karl-Andreas_Hofer_der_Sandwirt_von_Passeyer-lina.xml							
1830	1835-Malß_Karl-Jungfern_Köchinnen-speakers	12,00	10,00	6,83	0,62	1,45		1835-Mal%C3%9F_Karl-Jungfern_K%C3%B6chinnen-lina.xml							
1830	1835-Nestroy_Johann-Eulenspiegel_oder_Schabernack_über_Schabernack-speakers	18,00	14,00	8,11	0,48	1,56	Posse	1835-Nestroy_Johann-Eulenspiegel_oder_Schabernack_%C3%BCber_Schabernack-lina.xml							
1830	1835-Nestroy_Johann-Zu_ebener_Erde_und_erster_Stock_oder_Die_Launen_des_Glückes-speakers	41,00	29,00	11,51	0,29	1,83		1835-Nestroy_Johann-Zu_ebener_Erde_und_erster_Stock_oder_Die_Launen_des_Gl%C3%BCckes-lina.xml							
1830	1836-Devrient_Philipp_Eduard-Die_Gunst_des_Augenblicks-speakers	8,00	7,00	4,75	0,68	1,32	Lustspiel	1836-Devrient_Philipp_Eduard-Die_Gunst_des_Augenblicks-lina.xml							
1830	1837-Lortzing_Albert_(Gustav)-Zar_und_Zimmermann-speakers	19,00	18,00	9,79	0,54	1,46	Oper	1837-Lortzing_Albert_(Gustav)-Zar_und_Zimmermann-lina.xml							
1830	1837-Nestroy_Johann-Das_Haus_der_Temperamente-speakers	38,00	30,00	19,05	0,51	1,53	Posse	1837-Nestroy_Johann-Das_Haus_der_Temperamente-lina.xml							
1830	1838-Büchner_Georg-Leonce_und_Lena-speakers	21,00	16,00	8,38	0,42	1,46	Lustspiel	1838-B%C3%BCchner_Georg-Leonce_und_Lena-lina.xml							
1830	1838-Grillparzer_Franz-Weh_dem_der_lügt-speakers	17,00	16,00	10,59	0,66	1,34	Lustspiel	1838-Grillparzer_Franz-Weh_dem_der_l%C3%BCgt-lina.xml							
1830	1839-Gutzkow_Karl-Richard_Savage_oder_Der_Sohn_einer_Mutter-speakers	26,00	20,00	8,15	0,33	1,91	Trauerspiel	1839-Gutzkow_Karl-Richard_Savage_oder_Der_Sohn_einer_Mutter-lina.xml							
1840	1840-Hebbel_Friedrich-Judith-speakers	50,00	46,00	23,76	0,48	1,52	Tragödie	1840-Hebbel_Friedrich-Judith-lina.xml							
1840	1841-Laube_Heinrich-Monaldeschi-speakers	11,00	10,00	7,27	0,73	1,27	Tragödie	1841-Laube_Heinrich-Monaldeschi-lina.xml							
1840	1841-Nestroy_Johann-Das_Mädl_aus_der_Vorstadt_oder_Ehrlich_währt_am_längsten-speakers	14,00	12,00	7,86	0,60	1,48		1841-Nestroy_Johann-Das_M%C3%A4dl_aus_der_Vorstadt_oder_Ehrlich_w%C3%A4hrt_am_l%C3%A4ngsten-lina.xml							
1840	1841-Niebergall_Ernst_Elias-Datterich-speakers	21,00	20,00	7,14	0,36	1,64	Posse	1841-Niebergall_Ernst_Elias-Datterich-lina.xml							
1840	1842-Bauernfeld_Eduard_von-Industrie_und_Herz-speakers	12,00	9,00	4,17	0,38	1,77	Lustspiel	1842-Bauernfeld_Eduard_von-Industrie_und_Herz-lina.xml							
1840	1842-Halm_Friedrich-Der_Sohn_der_Wildnis-speakers	18,00	17,00	10,56	0,62	1,38		1842-Halm_Friedrich-Der_Sohn_der_Wildnis-lina.xml							
1840	1842-Kotzebue_August_von-Der_Wildschütz_oder_Die_Stimme_der_Natur-speakers	17,00	13,00	8,35	0,52	1,57	Oper	1842-Kotzebue_August_von-Der_Wildsch%C3%BCtz_oder_Die_Stimme_der_Natur-lina.xml							
1840	1842-Nestroy_Johann-Einen_Jux_will_er_sich_machen-speakers	21,00	18,00	8,76	0,44	1,60		1842-Nestroy_Johann-Einen_Jux_will_er_sich_machen-lina.xml							
1840	1843-Hebbel_Friedrich-Genoveva-speakers	19,00	17,00	7,89	0,44	1,56	Tragödie	1843-Hebbel_Friedrich-Genoveva-lina.xml							
1840	1843-Nestroy_Johann-Der_Talisman-speakers	23,00	16,00	7,39	0,34	1,96	Posse	1843-Nestroy_Johann-Der_Talisman-lina.xml							
1840	1843-Wagner_Richard-Der_fliegende_Holländer-speakers	11,00	10,00	7,82	0,78	1,22		1843-Wagner_Richard-Der_fliegende_Holl%C3%A4nder-lina.xml							
1840	1844-Gutzkow_Karl-Zopf_und_Schwert-speakers	23,00	15,00	7,39	0,34	1,83	Lustspiel	1844-Gutzkow_Karl-Zopf_und_Schwert-lina.xml							
1840	1844-Hebbel_Friedrich-Maria_Magdalene-speakers	11,00	10,00	5,64	0,56	1,44	Trauerspiel	1844-Hebbel_Friedrich-Maria_Magdalene-lina.xml							
1840	1844-Kaiser_Friedrich-Stadt_und_Land_oder_Der_Viehhändler_aus_Oberösterreich-speakers	18,00	17,00	10,78	0,63	1,37	Posse	1844-Kaiser_Friedrich-Stadt_und_Land_oder_Der_Viehh%C3%A4ndler_aus_Ober%C3%B6sterreich-lina.xml							
1840	1844-Laube_Heinrich-Struensee-speakers	8,00	7,00	7,00	1,00	1,00	Tragödie	1844-Laube_Heinrich-Struensee-lina.xml							
1840	1844-Nestroy_Johann-Der_Zerrissene-speakers	17,00	13,00	7,29	0,46	1,68	Posse	1844-Nestroy_Johann-Der_Zerrissene-lina.xml							
1840	1845-Laube_Heinrich-Gottsched_und_Gellert-speakers	14,00	13,00	12,14	0,93	1,07	Lustspiel	1845-Laube_Heinrich-Gottsched_und_Gellert-lina.xml							
1840	1845-Prutz_Robert_Eduard-Die_politische_Wochenstube-speakers	24,00	23,00	15,50	0,67	1,33	Komödie	1845-Prutz_Robert_Eduard-Die_politische_Wochenstube-lina.xml							
1840	1845-Wagner_Richard-Tannhäuser_und_Der_Sängerkrieg_auf_Wartburg-speakers	16,00	15,00	8,87	0,59	1,41	Oper	1845-Wagner_Richard-Tannh%C3%A4user_und_Der_S%C3%A4ngerkrieg_auf_Wartburg-lina.xml							
1840	1846-Bauernfeld_Eduard_von-Großjährig-speakers	7,00	6,00	4,86	0,81	1,19	Lustspiel	1846-Bauernfeld_Eduard_von-Gro%C3%9Fj%C3%A4hrig-lina.xml							
1840	1846-Gutzkow_Karl-Das_Urbild_des_Tartüffe-speakers	17,00	13,00	7,65	0,48	1,58	Lustspiel	1846-Gutzkow_Karl-Das_Urbild_des_Tart%C3%BCffe-lina.xml							
1840	1846-Gutzkow_Karl-Uriel_Acosta-speakers	14,00	13,00	5,71	0,44	1,56	Trauerspiel	1846-Gutzkow_Karl-Uriel_Acosta-lina.xml							
1840	1846-Laube_Heinrich-Die_Karlsschüler-speakers	14,00	13,00	10,86	0,84	1,16		1846-Laube_Heinrich-Die_Karlssch%C3%BCler-lina.xml							
1840	1846-Lortzing_Albert_(Gustav)-Der_Waffenschmied-speakers	11,00	10,00	8,91	0,89	1,11	Oper	1846-Lortzing_Albert_(Gustav)-Der_Waffenschmied-lina.xml							
1840	1846-Nestroy_Johann-Der_Unbedeutende-speakers	38,00	31,00	17,95	0,49	1,65	Posse	1846-Nestroy_Johann-Der_Unbedeutende-lina.xml							
1840	1846-Simrock_Karl-Doctor_Johannes_Faust-speakers	26,00	20,00	9,77	0,39	1,68	Puppenspiel	1846-Simrock_Karl-Doctor_Johannes_Faust-lina.xml							
1840	1847-Hebbel_Friedrich-Der_Diamant-speakers	23,00	12,00	6,43	0,29	1,33	Komödie	1847-Hebbel_Friedrich-Der_Diamant-lina.xml							
1840	1847-Hebbel_Friedrich-Trauerspiel_in_Sizilien-speakers	9,00	8,00	5,56	0,69	1,31	Tragikomödie	1847-Hebbel_Friedrich-Trauerspiel_in_Sizilien-lina.xml							
1840	1847-Kaiser_Friedrich-Die_Schule_des_Armen_oder_Zwei_Millionen-speakers	31,00	29,00	8,52	0,28	1,75		1847-Kaiser_Friedrich-Die_Schule_des_Armen_oder_Zwei_Millionen-lina.xml							
1840	1847-Kobell_Franz_von-Der_Roaga-speakers	4,00	3,00	3,00	1,00	1,00		1847-Kobell_Franz_von-Der_Roaga-lina.xml							
1840	1847-Riese_Friedrich_Wilhelm-Martha_oder_Der_Markt_zu_Richmond-speakers	25,00	19,00	9,60	0,40	1,74	Oper	1847-Riese_Friedrich_Wilhelm-Martha_oder_Der_Markt_zu_Richmond-lina.xml							
1840	1848-Dulk_Albert-Die_Wände-speakers	8,00	7,00	4,50	0,64	1,36	Komödie	1848-Dulk_Albert-Die_W%C3%A4nde-lina.xml							
1840	1848-Freytag_Gustav-Graf_Waldemar-speakers	19,00	18,00	10,00	0,56	1,44	Schauspiel	1848-Freytag_Gustav-Graf_Waldemar-lina.xml							
1840	1848-Nestroy_Johann-Freiheit_in_Krähwinkel-speakers	28,00	21,00	11,00	0,41	1,64	Posse	1848-Nestroy_Johann-Freiheit_in_Kr%C3%A4hwinkel-lina.xml							
1840	1849-Birch-Pfeiffer_Charlotte-Vatersorgen-speakers	13,00	12,00	6,62	0,55	1,45		1849-Birch-Pfeiffer_Charlotte-Vatersorgen-lina.xml							
1840	1849-Hebbel_Friedrich-Der_Rubin-speakers	17,00	14,00	8,00	0,50	1,55	Lustspiel	1849-Hebbel_Friedrich-Der_Rubin-lina.xml							
1840	1849-Hebbel_Friedrich-Herodes_und_Mariamne-speakers	23,00	17,00	8,26	0,38	1,83	Tragödie	1849-Hebbel_Friedrich-Herodes_und_Mariamne-lina.xml							
1840	1849-Mosenthal_Salomon_Hermann_von-Die_lustigen_Weiber_von_Windsor-speakers	18,00	17,00	8,56	0,50	1,50	Oper	1849-Mosenthal_Salomon_Hermann_von-Die_lustigen_Weiber_von_Windsor-lina.xml							
1840	1849-Nestroy_Johann-Judith_und_Holofernes-speakers	25,00	13,00	7,04	0,29	2,45		1849-Nestroy_Johann-Judith_und_Holofernes-lina.xml							
1850	1850-Ludwig_Otto-Der_Erbförster-speakers	17,00	13,00	7,18	0,45	1,64	Trauerspiel	1850-Ludwig_Otto-Der_Erbf%C3%B6rster-lina.xml							
1850	1850-Reinick_Robert-Genoveva-speakers	18,00	17,00	10,89	0,64	1,36	Oper	1850-Reinick_Robert-Genoveva-lina.xml							
1850	1850-Wagner_Richard-Lohengrin-speakers	18,00	17,00	12,78	0,75	1,25	Oper	1850-Wagner_Richard-Lohengrin-lina.xml							
1850	1852-Freytag_Gustav-Die_Journalisten-speakers	23,00	22,00	16,70	0,76	1,24	Lustspiel	1852-Freytag_Gustav-Die_Journalisten-lina.xml							
1850	1852-Hebbel_Friedrich-Agnes_Bernauer-speakers	34,00	24,00	9,47	0,29	1,75	Trauerspiel	1852-Hebbel_Friedrich-Agnes_Bernauer-lina.xml							
1850	1853-Wagner_Richard-Das_Rheingold-speakers	14,00	13,00	11,57	0,89	1,11		1853-Wagner_Richard-Das_Rheingold-lina.xml							
1850	1853-Wagner_Richard-Die_Walküre-speakers	14,00	13,00	9,14	0,70	1,30		1853-Wagner_Richard-Die_Walk%C3%BCre-lina.xml							
1850	1853-Wagner_Richard-Siegfried-speakers	8,00	6,00	4,25	0,61	1,43	Tragödie	1853-Wagner_Richard-Siegfried-lina.xml							
1850	1854-Ludwig_Otto-Die_Makkabäer-speakers	35,00	34,00	26,46	0,78	1,22	Trauerspiel	1854-Ludwig_Otto-Die_Makkab%C3%A4er-lina.xml							
1850	1854-Schober_Franz_von-Alfonso_und_Estrella-speakers	21,00	17,00	8,76	0,44	1,47	Oper	1854-Schober_Franz_von-Alfonso_und_Estrella-lina.xml							
1850	1856-Hebbel_Friedrich-Gyges_und_sein_Ring-speakers	9,00	8,00	7,78	0,97	1,03	Tragödie	1856-Hebbel_Friedrich-Gyges_und_sein_Ring-lina.xml							
1850	1858-Berg_O._F.-Berlin_wie_es_weint_und_lacht-speakers	36,00	22,00	8,39	0,24	1,89	Volksstück	1858-Berg_O._F.-Berlin_wie_es_weint_und_lacht-lina.xml							
1850	1858-Cornelius_Peter-Der_Barbier_von_Bagdad-speakers	17,00	15,00	8,00	0,50	1,50	Oper	1858-Cornelius_Peter-Der_Barbier_von_Bagdad-lina.xml							
1850	1859-Lassalle_Ferdinand-Franz_von_Sickingen-speakers	60,00	30,00	7,57	0,13	2,61	Tragödie	1859-Lassalle_Ferdinand-Franz_von_Sickingen-lina.xml							
1850	1859-Wagner_Richard-Tristan_und_Isolde-speakers	10,00	9,00	7,00	0,78	1,22		1859-Wagner_Richard-Tristan_und_Isolde-lina.xml							
1860	1861-Hebbel_Friedrich-Der_gehörnte_Siegfried-speakers	9,00	6,00	4,44	0,56	1,09		1861-Hebbel_Friedrich-Der_geh%C3%B6rnte_Siegfried-lina.xml							
1860	1861-Hebbel_Friedrich-Kriemhilds_Rache-speakers	21,00	18,00	10,67	0,53	1,50	Trauerspiel	1861-Hebbel_Friedrich-Kriemhilds_Rache-lina.xml							
1860	1861-Hebbel_Friedrich-Siegfrieds_Tod-speakers	17,00	14,00	8,35	0,52	1,33	Trauerspiel	1861-Hebbel_Friedrich-Siegfrieds_Tod-lina.xml							
1840	1849-Benedix_Julius_Roderich-Die_Hochzeitsreise-speakers	5,00	4,00	3,20	0,80	1,20	Lustspiel	1862-Benedix_Julius_Roderich-Die_Hochzeitsreise-lina.xml							
1860	1862-Benedix_Julius_Roderich-Die_Lügnerin-speakers	8,00	7,00	5,75	0,82	1,18	Lustspiel	1862-Benedix_Julius_Roderich-Die_L%C3%BCgnerin-lina.xml							
1860	1862-Moser_Gustav_von-Das_Stiftungsfest-speakers	11,00	10,00	8,18	0,82	1,18		1862-Moser_Gustav_von-Das_Stiftungsfest-lina.xml							
1860	1862-Vischer_Friedrich_Theodor-Faust-speakers	76,00	58,00	12,92	0,17	1,94	Tragödie	1862-Vischer_Friedrich_Theodor-Faust-lina.xml							
1860	1864-Hebbel_Friedrich-Demetrius-speakers	28,00	19,00	7,36	0,27	1,90		1864-Hebbel_Friedrich-Demetrius-lina.xml							
1860	1865-Birch-Pfeiffer_Charlotte-In_der_Heimath-speakers	18,00	15,00	9,00	0,53	1,52		1865-Birch-Pfeiffer_Charlotte-In_der_Heimath-lina.xml							
1860	1865-Heyse_Paul-Colberg-speakers	25,00	21,00	10,56	0,44	1,59	Schauspiel	1865-Heyse_Paul-Colberg-lina.xml							
1860	1867-Roeber_Friedrich-König_Manfred-speakers	23,00	16,00	5,65	0,26	1,82	Oper	1867-Roeber_Friedrich-K%C3%B6nig_Manfred-lina.xml							
1860	1868-Wagner_Richard-Die_Meistersinger_von_Nürnberg-speakers	33,00	32,00	19,45	0,61	1,39		1868-Wagner_Richard-Die_Meistersinger_von_N%C3%BCrnberg-lina.xml							
1870	1870-Anzengruber_Ludwig-Der_Pfarrer_von_Kirchfeld-speakers	22,00	18,00	8,09	0,39	1,76		1870-Anzengruber_Ludwig-Der_Pfarrer_von_Kirchfeld-lina.xml							
1870	1871-Anzengruber_Ludwig-Der_Meineidbauer-speakers	23,00	15,00	5,83	0,26	2,04		1871-Anzengruber_Ludwig-Der_Meineidbauer-lina.xml							
1870	1872-Anzengruber_Ludwig-Die_Kreuzelschreiber-speakers	23,00	20,00	13,65	0,62	1,48	Komödie	1872-Anzengruber_Ludwig-Die_Kreuzelschreiber-lina.xml							
1850	1851-Grillparzer_Franz-Die_Jüdin_von_Toledo-speakers	15,00	14,00	9,73	0,70	1,30	Historisches Trauerspiel	1872-Grillparzer_Franz-Die_J%C3%BCdin_von_Toledo-lina.xml							
1840	1848-Grillparzer_Franz-Ein_Bruderzwist_in_Habsburg-speakers	43,00	39,00	22,00	0,52	1,48	Trauerspiel	1872-Grillparzer_Franz-Ein_Bruderzwist_in_Habsburg-lina.xml							
1870	1872-Wilbrandt_Adolf_von-Gracchus_der_Volkstribun-speakers	23,00	21,00	13,65	0,62	1,39	Trauerspiel	1872-Wilbrandt_Adolf_von-Gracchus_der_Volkstribun-lina.xml							
1870	1874-Anzengruber_Ludwig-Der_Gwissenswurm-speakers	15,00	9,00	4,80	0,34	1,73	Komödie	1874-Anzengruber_Ludwig-Der_Gwissenswurm-lina.xml							
1870	1874-Haffner_Carl-Die_Fledermaus-speakers	26,00	22,00	16,54	0,66	1,39	Operette	1874-Haffner_Carl-Die_Fledermaus-lina.xml							
1870	1874-Widmann_Joseph_Viktor-Der_Widerspenstigen_Zähmung-speakers	13,00	11,00	6,46	0,54	1,49	Oper	1874-Widmann_Joseph_Viktor-Der_Widerspenstigen_Z%C3%A4hmung-lina.xml							
1870	1875-Mosenthal_Salomon_Hermann_von-Das_goldene_Kreuz-speakers	10,00	9,00	7,80	0,87	1,13	Oper	1875-Mosenthal_Salomon_Hermann_von-Das_goldene_Kreuz-lina.xml							
1870	1875-Mosenthal_Salomon_Hermann_von-Die_Königin_von_Saba-speakers	15,00	13,00	8,80	0,63	1,39	Oper	1875-Mosenthal_Salomon_Hermann_von-Die_K%C3%B6nigin_von_Saba-lina.xml							
1870	1876-L'Arronge_Adolph-Mein_Leopold-speakers	26,00	21,00	10,15	0,41	1,64		1876-L'Arronge_Adolph-Mein_Leopold-lina.xml							
1870	1876-Wagner_Richard-Götterdämmerung-speakers	23,00	18,00	7,48	0,34	1,74		1876-Wagner_Richard-G%C3%B6tterd%C3%A4mmerung-lina.xml							
1870	1877-Anzengruber_Ludwig-Das_vierte_Gebot-speakers	30,00	22,00	8,73	0,30	1,84		1877-Anzengruber_Ludwig-Das_vierte_Gebot-lina.xml							
1870	1877-Wagner_Richard-Parsifal-speakers	31,00	30,00	16,32	0,54	1,46		1877-Wagner_Richard-Parsifal-lina.xml							
1870	1879-L'Arronge_Adolph-Hasemann's_Töchter-speakers	18,00	14,00	8,11	0,48	1,59		1879-L'Arronge_Adolph-Hasemann's_T%C3%B6chter-lina.xml							
1880	1880-Ganghofer_Ludwig-Der_Herrgottschnitzer_von_Ammergau-speakers	21,00	18,00	11,33	0,57	1,45		1880-Ganghofer_Ludwig-Der_Herrgottschnitzer_von_Ammergau-lina.xml							
1880	1881-Moser_Gustav_von-Krieg_oder_Frieden-speakers	8,00	7,00	3,25	0,46	1,54		1881-Moser_Gustav_von-Krieg_oder_Frieden-lina.xml							
1880	1881-Wildenbruch_Ernst_von-Die_Karolinger-speakers	26,00	23,00	13,38	0,54	1,49	Trauerspiel	1881-Wildenbruch_Ernst_von-Die_Karolinger-lina.xml							
1880	1883-Heyse_Paul-Don_Juan's_Ende-speakers	14,00	12,00	6,86	0,53	1,47	Trauerspiel	1883-Heyse_Paul-Don_Juan's_Ende-lina.xml							
1880	1884-Bunge_Rudolf-Der_Trompeter_von_Säkkingen-speakers	21,00	20,00	11,90	0,60	1,40	Oper	1884-Bunge_Rudolf-Der_Trompeter_von_S%C3%A4kkingen-lina.xml							
1880	1885-Anzengruber_Ludwig-Heimg'funden-speakers	28,00	17,00	8,57	0,32	2,00	Komödie	1885-Anzengruber_Ludwig-Heimg'funden-lina.xml							
1880	1885-Schnitzer_Ignaz-Der_Zigeunerbaron-speakers	18,00	16,00	11,89	0,70	1,31	Schwank	1885-Sch%C3%B6nthan_Franz_und_Paul_von-Der_Raub_der_Sabinerinnen-lina.xml							
1880	1885-Schönthan_Franz_und_Paul_von-Der_Raub_der_Sabinerinnen-speakers	11,00	9,00	6,91	0,69	1,33	Operette	1885-Schnitzer_Ignaz-Der_Zigeunerbaron-lina.xml							
1840	1840-Droste-Hülshoff_Annette_von-Perdu_oder_Dichter_Verleger_und_Blaustrümpfe-speakers	10,00	8,00	5,80	0,64	1,40	Lustspiel	1886-Droste-H%C3%BClshoff_Annette_von-Perdu_oder_Dichter_Verleger_und_Blaustr%C3%BCmpfe-lina.xml							
1880	1888-Alberti_Konrad-Brot-speakers	33,00	28,00	15,76	0,49	1,52	Schauspiel	1888-Alberti_Konrad-Brot-lina.xml							
1880	1888-Bleibtreu_Karl-Weltgericht-speakers	40,00	39,00	19,35	0,50	1,50	Tragödie	1888-Bleibtreu_Karl-Weltgericht-lina.xml							
1880	1888-Wildenbruch_Ernst_von-Die_Quitzows-speakers	56,00	40,00	12,46	0,23	1,94	Schauspiel	1888-Wildenbruch_Ernst_von-Die_Quitzows-lina.xml							
1880	1889-Bleibtreu_Karl-Ein_Faust_der_That-speakers	25,00	24,00	19,44	0,81	1,19	Tragödie	1889-Bleibtreu_Karl-Ein_Faust_der_That-lina.xml							
1880	1889-Sudermann_Hermann-Die_Ehre-speakers	15,00	12,00	8,00	0,57	1,48		1889-Sudermann_Hermann-Die_Ehre-lina.xml							
1880	1889-Wilbrandt_Adolf_von-Der_Meister_von_Palmyra-speakers	32,00	27,00	7,44	0,24	1,91		1889-Wilbrandt_Adolf_von-Der_Meister_von_Palmyra-lina.xml							
1890	1890-Alberti_Konrad-Im_Suff-speakers	18,00	9,00	7,78	0,46	1,04		1890-Alberti_Konrad-Im_Suff-lina.xml							
1890	1890-Holz_Arno-Die_Familie_Selicke-speakers	8,00	7,00	7,00	1,00	1,00		1890-Holz_Arno-Die_Familie_Selicke-lina.xml							
1890	1890-Wildenbruch_Ernst_von-Die_Haubenlerche-speakers	7,00	6,00	6,00	1,00	1,00	Schauspiel	1890-Wildenbruch_Ernst_von-Die_Haubenlerche-lina.xml							
1890	1891-Wedekind_Frank-Frühlings_Erwachen-speakers	36,00	24,00	9,44	0,27	2,04	Tragödie	1891-Wedekind_Frank-Fr%C3%BChlings_Erwachen-lina.xml							
1890	1892-Schlaf_Johannes-Meister_Oelze-speakers	8,00	7,00	6,50	0,93	1,07		1892-Schlaf_Johannes-Meister_Oelze-lina.xml							
1890	1893-Hartleben_Otto_Erich-Hanna_Jagert-speakers	18,00	17,00	9,00	0,53	1,47	Komödie	1893-Hartleben_Otto_Erich-Hanna_Jagert-lina.xml							
1890	1893-Schnitzler_Arthur-Anatol-speakers	11,00	10,00	3,45	0,35	1,65		1893-Schnitzler_Arthur-Anatol-lina.xml							
1890	1893-Sudermann_Hermann-Heimat-speakers	14,00	13,00	7,86	0,60	1,40	Schauspiel	1893-Sudermann_Hermann-Heimat-lina.xml							
1890	1893-Wette_Adelheid-Hänsel_und_Gretel-speakers	10,00	9,00	3,80	0,42	1,58		1893-Wette_Adelheid-H%C3%A4nsel_und_Gretel-lina.xml							
1890	1894-Hofmannsthal_Hugo_von-Der_Tor_und_der_Tod-speakers	6,00	5,00	5,00	1,00	1,00		1894-Hofmannsthal_Hugo_von-Der_Tor_und_der_Tod-lina.xml							
1890	1895-Panizza_Oskar-Das_Liebeskonzil-speakers	36,00	16,00	12,67	0,36	1,28	Tragödie	1895-Panizza_Oskar-Das_Liebeskonzil-lina.xml							
1890	1895-Ruederer_Josef-Die_Fahnenweihe-speakers	31,00	30,00	28,00	0,93	1,07	Komödie	1895-Ruederer_Josef-Die_Fahnenweihe-lina.xml							
1890	1895-Schnitzler_Arthur-Liebelei-speakers	9,00	8,00	6,22	0,78	1,22	Schauspiel	1895-Schnitzler_Arthur-Liebelei-lina.xml							
1890	1895-Wedekind_Frank-Erdgeist-speakers	13,00	11,00	5,85	0,49	1,54	Tragödie	1895-Wedekind_Frank-Erdgeist-lina.xml							
1890	1896-Hartleben_Otto_Erich-Die_sittliche_Forderung-speakers	3,00	2,00	2,00	1,00	1,00	Tragödie	1896-Hartleben_Otto_Erich-Die_sittliche_Forderung-lina.xml							
1890	1896-Holz_Arno-Sozialaristokraten-speakers	16,00	15,00	11,00	0,73	1,27		1896-Holz_Arno-Sozialaristokraten-lina.xml							
1890	1897-Kupelwieser_Josef-Fierrabras-speakers	16,00	13,00	8,75	0,58	1,48	Oper	1897-Kupelwieser_Josef-Fierrabras-lina.xml							
1890	1897-Scheerbart_Paul-Der_Regierungswechsel-speakers	3,00	2,00	2,00	1,00	1,00		1897-Scheerbart_Paul-Der_Regierungswechsel-lina.xml							
1890	1897-Scheerbart_Paul-Die_Puppe_und_die_Dauerwurst-speakers	3,00	2,00	2,00	1,00	1,00		1897-Scheerbart_Paul-Die_Puppe_und_die_Dauerwurst-lina.xml							
1890	1897-Widmann_Joseph_Viktor-Maikäfer-Komödie-speakers	45,00	40,00	23,07	0,52	1,51	Komödie	1897-Widmann_Joseph_Viktor-Maik%C3%A4fer-Kom%C3%B6die-lina.xml							
1890	1898-Blumenthal_Oskar-Im_weißen_Rößl-speakers	35,00	33,00	20,00	0,59	1,42	Lustspiel	1898-Blumenthal_Oskar-Im_wei%C3%9Fen_R%C3%B6%C3%9Fl-lina.xml							
1890	1898-Hartleben_Otto_Erich-Rosenmontag-speakers	24,00	20,00	10,92	0,47	1,56	Tragödie	1898-Hartleben_Otto_Erich-Rosenmontag-lina.xml							
1890	1898-Hofmannsthal_Hugo_von-Die_Frau_im_Fenster-speakers	3,00	2,00	2,00	1,00	1,00		1898-Hofmannsthal_Hugo_von-Die_Frau_im_Fenster-lina.xml							
1890	1898-Laufs_Carl-Pension_Schöller-speakers	18,00	17,00	10,11	0,59	1,41	Posse	1898-Laufs_Carl-Pension_Sch%C3%B6ller-lina.xml							
1890	1898-Panizza_Oskar-Nero-speakers	52,00	30,00	10,96	0,21	1,97	Tragödie	1898-Panizza_Oskar-Nero-lina.xml							
1890	1898-Rilke_Rainer_Maria-Ohne_Gegenwart-speakers	3,00	2,00	2,00	1,00	1,00		1898-Rilke_Rainer_Maria-Ohne_Gegenwart-lina.xml							
1890	1898-Schäfer_Wilhelm-Faustine_der_weibliche_Faust-speakers	39,00	17,00	4,51	0,12	2,03	Tragödie	1898-Sch%C3%A4fer_Wilhelm-Faustine_der_weibliche_Faust-lina.xml							
1890	1898-Wedekind_Frank-Der_Marquis_von_Keith-speakers	23,00	22,00	15,48	0,70	1,30	Schauspiel	1898-Wedekind_Frank-Der_Marquis_von_Keith-lina.xml							
1890	1899-Hofmannsthal_Hugo_von-Der_Abenteurer_und_die_Sängerin_oder_Die_Geschenke_des_Lebens-speakers	16,00	15,00	13,25	0,88	1,12		1899-Hofmannsthal_Hugo_von-Der_Abenteurer_und_die_S%C3%A4ngerin_oder_Die_Geschenke_des_Lebens-lina.xml							
1890	1899-Schnitzler_Arthur-Der_grüne_Kakadu-speakers	29,00	28,00	28,00	1,00	1,00	Groteske	1899-Schnitzler_Arthur-Der_gr%C3%BCne_Kakadu-lina.xml							
1890	1899-Wedekind_Frank-Der_Kammersänger-speakers	7,00	6,00	2,57	0,43	1,57		1899-Wedekind_Frank-Der_Kammers%C3%A4nger-lina.xml							
1890	1899-Wedekind_Frank-Fritz_Schwigerling_oder_Der_Liebestrank-speakers	10,00	8,00	4,80	0,53	1,49	Schwank	1899-Wedekind_Frank-Fritz_Schwigerling_oder_Der_Liebestrank-lina.xml							
1900	1900-Hauptmann_Carl-Ephraims_Breite-speakers	29,00	24,00	14,90	0,53	1,50	Schauspiel	1900-Hauptmann_Carl-Ephraims_Breite-lina.xml							
1840	1843-Eichendorff_Joseph_von-Das_Incognito_oder_Die_mehreren_Könige_oder_Alt_und_Neu-speakers	56,00	40,00	17,54	0,32	1,90	Puppenspiel	1901-Eichendorff_Joseph_von-Das_Incognito_oder_Die_mehreren_K%C3%B6nige_oder_Alt_und_Neu-lina.xml							
1900	1901-Hofmannsthal_Hugo_von-Der_Tod_des_Tizian-speakers	8,00	7,00	7,00	1,00	1,00		1901-Hofmannsthal_Hugo_von-Der_Tod_des_Tizian-lina.xml							
1900	1901-Thoma_Ludwig-Die_Medaille-speakers	14,00	13,00	13,00	1,00	1,00	Komödie	1901-Thoma_Ludwig-Die_Medaille-lina.xml							
1900	1902-Rosenow_Emil-Kater_Lampe-speakers	23,00	22,00	16,96	0,77	1,23	Komödie	1902-Rosenow_Emil-Kater_Lampe-lina.xml							
1900	1902-Schnitzler_Arthur-Reigen-speakers	11,00	3,00	2,18	0,22	2,82		1902-Schnitzler_Arthur-Reigen-lina.xml							
1900	1902-Thoma_Ludwig-Die_Lokalbahn-speakers	15,00	14,00	8,13	0,58	1,42	Komödie	1902-Thoma_Ludwig-Die_Lokalbahn-lina.xml							
1900	1902-Wedekind_Frank-Die_Büchse_der_Pandora-speakers	23,00	18,00	10,78	0,49	1,30	Tragödie	1902-Wedekind_Frank-Die_B%C3%BCchse_der_Pandora-lina.xml							
1900	1902-Wedekind_Frank-König_Nicolo_oder_So_ist_das_Leben-speakers	33,00	31,00	9,15	0,29	1,72	Tragödie	1902-Wedekind_Frank-K%C3%B6nig_Nicolo_oder_So_ist_das_Leben-lina.xml							
1900	1903-Hofmannsthal_Hugo_von-Elektra-speakers	19,00	18,00	18,00	1,00	1,00	Tragödie	1903-Hofmannsthal_Hugo_von-Elektra-lina.xml							
1900	1903-Schnitzler_Arthur-Der_Puppenspieler-speakers	4,00	3,00	3,00	1,00	1,00		1903-Schnitzler_Arthur-Der_Puppenspieler-lina.xml							
1900	1904-Holz_Arno-Traumulus-speakers	25,00	19,00	10,56	0,44	1,66	Komödie	1904-Holz_Arno-Traumulus-lina.xml							
1900	1904-Lautensack_Heinrich-Medusa-speakers	9,00	6,00	4,89	0,61	1,00		1904-Lautensack_Heinrich-Medusa-lina.xml							
1900	1904-Scheerbart_Paul-Das_Gift-speakers	4,00	3,00	3,00	1,00	1,00	Komödie	1904-Scheerbart_Paul-Das_Gift-lina.xml							
1900	1904-Scheerbart_Paul-Das_Mirakel-speakers	2,00	1,00	1,00	1,00	1,00		1904-Scheerbart_Paul-Das_Mirakel-lina.xml							
1900	1904-Scheerbart_Paul-Das_dumme_Luder-speakers	5,00	4,00	4,00	1,00	1,00		1904-Scheerbart_Paul-Das_dumme_Luder-lina.xml							
1900	1904-Scheerbart_Paul-Der_Herr_vom_Jenseits-speakers	2,00	1,00	1,00	1,00	1,00		1904-Scheerbart_Paul-Der_Herr_vom_Jenseits-lina.xml							
1900	1904-Scheerbart_Paul-Der_Schornsteinfeger-speakers	3,00	2,00	2,00	1,00	1,00	Tragödie	1904-Scheerbart_Paul-Der_Schornsteinfeger-lina.xml							
1900	1904-Scheerbart_Paul-Der_Wetterfürst-speakers	3,00	2,00	2,00	1,00	1,00	Schauspiel	1904-Scheerbart_Paul-Der_Wetterf%C3%BCrst-lina.xml							
1900	1904-Scheerbart_Paul-Der_alte_Petrus_oder_Im_Himmel_spukt_es_auch-speakers	8,00	7,00	7,00	1,00	1,00	Schauspiel	1904-Scheerbart_Paul-Der_alte_Petrus_oder_Im_Himmel_spukt_es_auch-lina.xml							
1900	1904-Scheerbart_Paul-Der_fanatische_Bürgermeister-speakers	6,00	5,00	5,00	1,00	1,00		1904-Scheerbart_Paul-Der_fanatische_B%C3%BCrgermeister-lina.xml							
1900	1904-Scheerbart_Paul-Der_vornehme_Räuberhauptmann-speakers	8,00	7,00	4,00	0,57	1,43		1904-Scheerbart_Paul-Der_vornehme_R%C3%A4uberhauptmann-lina.xml							
1900	1904-Scheerbart_Paul-Die_Urgrossmutter-speakers	3,00	2,00	2,00	1,00	1,00		1904-Scheerbart_Paul-Die_Urgrossmutter-lina.xml							
1900	1904-Scheerbart_Paul-Die_Welt_geht_unter-speakers	4,00	3,00	3,00	1,00	1,00		1904-Scheerbart_Paul-Die_Welt_geht_unter-lina.xml							
1900	1904-Scheerbart_Paul-Die_Wurzeln_der_Wohlhabenheit-speakers	13,00	12,00	8,00	0,67	1,33	Schauspiel	1904-Scheerbart_Paul-Die_Wurzeln_der_Wohlhabenheit-lina.xml							
1900	1904-Scheerbart_Paul-Die_lustigen_Räuber-speakers	10,00	9,00	9,00	1,00	1,00	Schauspiel	1904-Scheerbart_Paul-Die_lustigen_R%C3%A4uber-lina.xml							
1900	1904-Scheerbart_Paul-Es_lebe_Europa-speakers	8,00	7,00	5,00	0,71	1,29	Tragödie	1904-Scheerbart_Paul-Es_lebe_Europa-lina.xml							
1900	1904-Scheerbart_Paul-Herr_Kammerdiener_Kneetschke-speakers	10,00	9,00	6,20	0,69	1,31	Tragädie	1904-Scheerbart_Paul-Herr_Kammerdiener_Kneetschke-lina.xml							
1900	1904-Scheerbart_Paul-Lachende_Gespenster-speakers	6,00	5,00	5,00	1,00	1,00	Schauspiel	1904-Scheerbart_Paul-Lachende_Gespenster-lina.xml							
1900	1904-Scheerbart_Paul-Okurirasûna-speakers	10,00	9,00	9,00	1,00	1,00	Komödie	1904-Scheerbart_Paul-Okuriras%C3%BBna-lina.xml							
1900	1904-Scheerbart_Paul-Rübezahl-speakers	17,00	14,00	5,53	0,35	1,76	Schauspiel	1904-Scheerbart_Paul-R%C3%BCbezahl-lina.xml							
1900	1904-Schnitzler_Arthur-Der_einsame_Weg-speakers	11,00	10,00	6,18	0,62	1,38	Schauspiel	1904-Schnitzler_Arthur-Der_einsame_Weg-lina.xml							
1900	1904-Schnitzler_Arthur-Der_tapfere_Cassian-speakers	4,00	3,00	3,00	1,00	1,00		1904-Schnitzler_Arthur-Der_tapfere_Cassian-lina.xml							
1900	1904-Stavenhagen_Fritz-Mudder_Mews-speakers	8,00	7,00	5,50	0,79	1,21		1904-Stavenhagen_Fritz-Mudder_Mews-lina.xml							
1900	1904-Wedekind_Frank-Hidalla_oder_Sein_und_Haben-speakers	15,00	14,00	11,73	0,84	1,16	Schauspiel	1904-Wedekind_Frank-Hidalla_oder_Sein_und_Haben-lina.xml							
1900	1905-Lachmann_Hedwig-Salome-speakers	17,00	16,00	10,47	0,65	1,35		1905-Lachmann_Hedwig-Salome-lina.xml							
1900	1906-Gerhäuser_Emil-Der_Moloch-speakers	15,00	14,00	10,93	0,78	1,22	Tragödie	1906-Gerh%C3%A4user_Emil-Der_Moloch-lina.xml							
1900	1906-Hofmannsthal_Hugo_von-Ödipus_und_die_Sphinx-speakers	37,00	36,00	20,22	0,56	1,44	Tragödie	1906-Hofmannsthal_Hugo_von-%C3%96dipus_und_die_Sphinx-lina.xml							
1900	1906-May_Karl-Babel_und_Bibel-speakers	25,00	24,00	19,36	0,81	1,19		1906-May_Karl-Babel_und_Bibel-lina.xml							
1900	1906-Schnitzler_Arthur-Zum_grossen_Wurstel-speakers	32,00	31,00	31,00	1,00	1,00	Burleske	1906-Schnitzler_Arthur-Zum_grossen_Wurstel-lina.xml							
1900	1906-Wedekind_Frank-Tod_und_Teufel-speakers	4,00	3,00	3,00	1,00	1,00		1906-Wedekind_Frank-Tod_und_Teufel-lina.xml							
1900	1908-Holz_Arno-Sonnenfinsternis-speakers	6,00	5,00	4,67	0,93	1,07	Tragödie	1908-Holz_Arno-Sonnenfinsternis-lina.xml							
1900	1908-Lautensack_Heinrich-Hahnenkampf-speakers	16,00	15,00	10,88	0,72	1,27	Komödie	1908-Lautensack_Heinrich-Hahnenkampf-lina.xml							
1900	1908-Thoma_Ludwig-Moral-speakers	17,00	13,00	6,94	0,43	1,76	Komödie	1908-Thoma_Ludwig-Moral-lina.xml							
1900	1908-Wedekind_Frank-Die_Zensur-speakers	4,00	3,00	3,00	1,00	1,00		1908-Wedekind_Frank-Die_Zensur-lina.xml							
1900	1908-Wedekind_Frank-Musik-speakers	10,00	9,00	5,00	0,56	1,44		1908-Wedekind_Frank-Musik-lina.xml							
1900	1909-Hauptmann_Carl-Der_Antiquar-speakers	4,00	3,00	3,00	1,00	1,00	Komödie	1909-Hauptmann_Carl-Der_Antiquar-lina.xml							
1900	1909-Hauptmann_Carl-Frau_Nadja_Bielew-speakers	4,00	3,00	3,00	1,00	1,00		1909-Hauptmann_Carl-Frau_Nadja_Bielew-lina.xml							
1900	1909-Hauptmann_Carl-Im_goldenen_Tempel-Buche_verzeichnet-speakers	9,00	8,00	5,78	0,72	1,28		1909-Hauptmann_Carl-Im_goldenen_Tempel-Buche_verzeichnet-lina.xml							
1890	1894-Hofmannsthal_Hugo_von-Alkestis-speakers	33,00	29,00	26,55	0,83	1,00	Trauerspiel	1909-Hofmannsthal_Hugo_von-Alkestis-lina.xml							
1900	1909-Schnitzler_Arthur-Komtesse_Mizzi_oder_Der_Familientag-speakers	9,00	8,00	8,00	1,00	1,00	Komödie	1909-Schnitzler_Arthur-Komtesse_Mizzi_oder_Der_Familientag-lina.xml							
1910	1910-Schnitzler_Arthur-Das_weite_Land-speakers	31,00	30,00	18,00	0,60	1,40	Tragikomödie	1910-Schnitzler_Arthur-Das_weite_Land-lina.xml							
1910	1910-Thoma_Ludwig-Erster_Klasse-speakers	10,00	9,00	8,40	0,93	1,07		1910-Thoma_Ludwig-Erster_Klasse-lina.xml							
1910	1911-Ball_Hugo-Die_Nase_des_Michelangelo-speakers	10,00	9,00	5,80	0,64	1,36	Tragikomödie	1911-Ball_Hugo-Die_Nase_des_Michelangelo-lina.xml							
1910	1911-Dehmel_Richard_Fedor_Leopold-Michel_Michael-speakers	37,00	36,00	25,84	0,72	1,28	Komödie	1911-Dehmel_Richard_Fedor_Leopold-Michel_Michael-lina.xml							
1910	1911-Hofmannsthal_Hugo_von-Der_Rosenkavalier-speakers	34,00	33,00	18,18	0,55	1,45	Komödie	1911-Hofmannsthal_Hugo_von-Der_Rosenkavalier-lina.xml							
1910	1911-Hofmannsthal_Hugo_von-Die_Frau_ohne_Schatten-speakers	30,00	29,00	17,53	0,60	1,40	Oper	1911-Hofmannsthal_Hugo_von-Die_Frau_ohne_Schatten-lina.xml							
1910	1911-Hofmannsthal_Hugo_von-Jedermann-speakers	27,00	26,00	26,00	1,00	1,00		1911-Hofmannsthal_Hugo_von-Jedermann-lina.xml							
1910	1911-Lautensack_Heinrich-Die_Pfarrhauskomödie-speakers	4,00	3,00	3,00	1,00	1,00		1911-Lautensack_Heinrich-Die_Pfarrhauskom%C3%B6die-lina.xml							
1910	1911-Sudermann_Hermann-Der_Bettler_von_Syrakus-speakers	59,00	37,00	11,73	0,20	2,17	Tragödie	1911-Sudermann_Hermann-Der_Bettler_von_Syrakus-lina.xml							
1910	1911-Thoma_Ludwig-Lottchens_Geburtstag-speakers	6,00	5,00	4,00	0,80	1,20	Lustspiel	1911-Thoma_Ludwig-Lottchens_Geburtstag-lina.xml							
1910	1912-Essig_Hermann-Der_Frauenmut-speakers	28,00	27,00	16,14	0,60	1,40	Tragödie	1912-Essig_Hermann-%C3%9Cberteufel-lina.xml							
1910	1912-Essig_Hermann-Überteufel-speakers	20,00	19,00	16,10	0,85	1,15	Lustspiel	1912-Essig_Hermann-Der_Frauenmut-lina.xml							
1910	1912-Heiseler_Henry_von-Peter_und_Alexéj-speakers	22,00	21,00	14,09	0,67	1,33	Tragödie	1912-Heiseler_Henry_von-Peter_und_Alex%C3%A9j-lina.xml							
1910	1912-Hofmannsthal_Hugo_von-Ariadne_auf_Naxos-speakers	17,00	16,00	10,24	0,64	1,36	Oper	1912-Hofmannsthal_Hugo_von-Ariadne_auf_Naxos-lina.xml							
1890	1899-Rosenow_Emil-Die_im_Schatten_leben-speakers	14,00	13,00	12,71	0,98	1,02		1912-Rosenow_Emil-Die_im_Schatten_leben-lina.xml							
1910	1912-Schnitzler_Arthur-Professor_Bernhardi-speakers	23,00	22,00	13,39	0,61	1,39	Komödie	1912-Schnitzler_Arthur-Professor_Bernhardi-lina.xml							
1910	1912-Sorge_Reinhard_Johannes-Odysseus-speakers	14,00	13,00	13,00	1,00	1,00		1912-Sorge_Reinhard_Johannes-Odysseus-lina.xml							
1910	1912-Thoma_Ludwig-Magdalena-speakers	13,00	11,00	4,31	0,36	1,71	Volksstück	1912-Thoma_Ludwig-Magdalena-lina.xml							
1910	1912-Wedekind_Frank-Franziska-speakers	38,00	36,00	9,74	0,26	1,74		1912-Wedekind_Frank-Franziska-lina.xml							
1910	1912-Wildgans_Anton-In_Ewigkeit_Amen-speakers	8,00	7,00	7,00	1,00	1,00		1912-Wildgans_Anton-In_Ewigkeit_Amen-lina.xml							
1910	1913-Hauptmann_Carl-Die_armseligen_Besenbinder-speakers	32,00	24,00	9,00	0,29	1,84		1913-Hauptmann_Carl-Die_armseligen_Besenbinder-lina.xml							
1910	1914-Fock_Gorch-Cili_Cohrs-speakers	5,00	4,00	2,00	0,50	1,50		1914-Fock_Gorch-Cili_Cohrs-lina.xml							
1910	1914-Holz_Arno-Ignorabimus-speakers	7,00	6,00	6,00	1,00	1,00	Tragödie	1914-Holz_Arno-Ignorabimus-lina.xml							
1910	1915-Dovsky_Beatrice-Mona_Lisa-speakers	18,00	17,00	17,00	1,00	1,00	Oper	1915-Dovsky_Beatrice-Mona_Lisa-lina.xml							
1910	1915-Wildgans_Anton-Armut-speakers	12,00	10,00	6,00	0,55	1,47	Trauerspiel	1915-Wildgans_Anton-Armut-lina.xml							
1910	1917-Busoni_Ferruccio-Turandot-speakers	16,00	14,00	9,50	0,63	1,39		1917-Busoni_Ferruccio-Turandot-lina.xml							
1910	1917-Dehmel_Richard_Fedor_Leopold-Die_Menschenfreunde-speakers	8,00	7,00	6,25	0,89	1,11		1917-Dehmel_Richard_Fedor_Leopold-Die_Menschenfreunde-lina.xml							
1910	1917-Hauptmann_Carl-Gaukler_Tod_und_Juwelier-speakers	32,00	17,00	8,88	0,29	1,97		1917-Hauptmann_Carl-Gaukler_Tod_und_Juwelier-lina.xml							
1910	1917-Hofmannsthal_Hugo_von-Der_Schwierige-speakers	18,00	13,00	7,00	0,41	1,66	Lustspiel	1917-Hofmannsthal_Hugo_von-Der_Schwierige-lina.xml							
1910	1918-Hauptmann_Carl-Musik-speakers	24,00	17,00	9,83	0,43	1,30		1918-Hauptmann_Carl-Musik-lina.xml							
1910	1918-Wildgans_Anton-Dies_irae-speakers	18,00	15,00	8,00	0,47	1,53	Tragödie	1918-Wildgans_Anton-Dies_irae-lina.xml							
1910	1919-Avenarius_Ferdinand-Faust-speakers	90,00	74,00	13,09	0,15	1,81		1919-Avenarius_Ferdinand-Faust-lina.xml							
1910	1919-Boßdorf_Hermann-Bahnmeister_Dood-speakers	4,00	3,00	3,00	1,00	1,00		1919-Bo%C3%9Fdorf_Hermann-Bahnmeister_Dood-lina.xml							
1910	1919-Rubiner_Ludwig-Die_Gewaltlosen-speakers	39,00	33,00	15,08	0,40	1,62		1919-Rubiner_Ludwig-Die_Gewaltlosen-lina.xml							
1920	1920-Ertler_Bruno-Anna_Iwanowna-speakers	24,00	23,00	18,50	0,80	1,20	Schauspiel	1920-Ertler_Bruno-Anna_Iwanowna-lina.xml							
1920	1920-Hauptmann_Carl-Tobias_Buntschuh-speakers	18,00	11,00	4,67	0,27	1,96	Tragödie	1920-Hauptmann_Carl-Tobias_Buntschuh-lina.xml							
1920	1921-Kaltneker_Hans-Das_Bergwerk-speakers	50,00	49,00	25,72	0,52	1,48		1921-Kaltneker_Hans-Das_Bergwerk-lina.xml							
1920	1921-Mühsam_Erich-Judas._Ein_Arbeiterdrama-speakers	35,00	34,00	26,46	0,78	1,22		1921-M%C3%BChsam_Erich-Judas._Ein_Arbeiterdrama-lina.xml							
1920	1922-Hofmannsthal_Hugo_von-Das_Salzburger_große_Welttheater-speakers	18,00	17,00	17,00	1,00	1,00		1922-Hofmannsthal_Hugo_von-Das_Salzburger_gro%C3%9Fe_Welttheater-lina.xml							
1920	1923-Boßdorf_Hermann-De_rode_Ünnerrock-speakers	5,00	4,00	4,00	1,00	1,00	Komödie	1923-Bo%C3%9Fdorf_Hermann-De_rode_%C3%9Cnnerrock-lina.xml							
1920	1923-Ertler_Bruno-Das_Spiel_von_Doktor_Faust-speakers	22,00	13,00	6,18	0,29	1,85		1923-Ertler_Bruno-Das_Spiel_von_Doktor_Faust-lina.xml							
1920	1923-Hofmannsthal_Hugo_von-Der_Unbestechliche-speakers	13,00	12,00	7,54	0,63	1,37	Lustspiel	1923-Hofmannsthal_Hugo_von-Der_Unbestechliche-lina.xml							
1920	1924-Ertler_Bruno-Belian_und_Marpalye-speakers	25,00	21,00	10,00	0,42	1,59		1924-Ertler_Bruno-Belian_und_Marpalye-lina.xml							
1920	1924-Hofmannsthal_Hugo_von-Der_Turm-speakers	64,00	60,00	22,56	0,36	1,66	Trauerspiel	1924-Hofmannsthal_Hugo_von-Der_Turm-lina.xml							
1920	1924-Sorge_Reinhard_Johannes-Der_Sieg_des_Christos-speakers	39,00	29,00	7,79	0,21	2,12		1924-Sorge_Reinhard_Johannes-Der_Sieg_des_Christos-lina.xml							
1920	1925-Kaltneker_Hans-Die_Opferung-speakers	41,00	40,00	16,49	0,41	1,59	Tragödie	1925-Kaltneker_Hans-Die_Opferung-lina.xml							
1920	1925-Klabund-Der_Kreidekreis-speakers	22,00	21,00	7,18	0,34	1,66		1925-Klabund-Der_Kreidekreis-lina.xml							
1920	1928-Hofmannsthal_Hugo_von-Arabella-speakers	18,00	17,00	13,22	0,78	1,22	Komödie	1928-Hofmannsthal_Hugo_von-Arabella-lina.xml							
1920	1928-Mühsam_Erich-Staatsräson-speakers	49,00	45,00	16,00	0,33	1,69		1928-M%C3%BChsam_Erich-Staatsr%C3%A4son-lina.xml							
1920	1929-Heiseler_Henry_von-Die_Kinder_Godunófs-speakers	25,00	24,00	11,04	0,46	1,54	Tragödie	1929-Heiseler_Henry_von-Die_Kinder_Godun%C3%B3fs-lina.xml							
1890	1891-Schnitzler_Arthur-Anatols_Größenwahn-speakers	6,00	5,00	5,00	1,00	1,00	Lustspiel	1932-Schnitzler_Arthur-Anatols_Gr%C3%B6%C3%9Fenwahn-lina.xml							
1890	1899-Hofmannsthal_Hugo_von-Das_Bergwerk_zu_Falun-speakers	27,00	26,00	12,74	0,49	1,51		1933-Hofmannsthal_Hugo_von-Das_Bergwerk_zu_Falun-lina.xml							
